-- phpMyAdmin SQL Dump
-- version 5.0.2
-- https://www.phpmyadmin.net/
--
-- Host: 127.0.0.1
-- Generation Time: Jun 08, 2020 at 10:21 PM
-- Server version: 10.4.11-MariaDB
-- PHP Version: 7.4.5

SET SQL_MODE = "NO_AUTO_VALUE_ON_ZERO";
START TRANSACTION;
SET time_zone = "+00:00";


/*!40101 SET @OLD_CHARACTER_SET_CLIENT=@@CHARACTER_SET_CLIENT */;
/*!40101 SET @OLD_CHARACTER_SET_RESULTS=@@CHARACTER_SET_RESULTS */;
/*!40101 SET @OLD_COLLATION_CONNECTION=@@COLLATION_CONNECTION */;
/*!40101 SET NAMES utf8mb4 */;

--
-- Database: `qncenter`
--

-- --------------------------------------------------------

--
-- Table structure for table `attachments`
--

CREATE TABLE `attachments` (
  `id` int(255) NOT NULL,
  `notice` int(255) NOT NULL,
  `attachment` varchar(255) NOT NULL
) ENGINE=InnoDB DEFAULT CHARSET=utf8mb4;

-- --------------------------------------------------------

--
-- Table structure for table `blog`
--

CREATE TABLE `blog` (
  `id` int(255) NOT NULL,
  `title` mediumtext NOT NULL,
  `banner` longtext NOT NULL,
  `blog` longtext NOT NULL,
  `author` int(11) DEFAULT NULL,
  `category` int(11) NOT NULL,
  `created` timestamp NOT NULL DEFAULT current_timestamp(),
  `isdeleted` tinyint(1) NOT NULL DEFAULT 0
) ENGINE=InnoDB DEFAULT CHARSET=utf8mb4;

--
-- Dumping data for table `blog`
--

INSERT INTO `blog` (`id`, `title`, `banner`, `blog`, `author`, `category`, `created`, `isdeleted`) VALUES
(1, 'food', 'causeg34.jpg', 'Food is everything', NULL, 6, '2020-05-26 05:50:02', 0);

-- --------------------------------------------------------

--
-- Table structure for table `category`
--

CREATE TABLE `category` (
  `id` int(11) NOT NULL,
  `category` mediumtext NOT NULL,
  `banner` longtext NOT NULL
) ENGINE=InnoDB DEFAULT CHARSET=utf8mb4;

--
-- Dumping data for table `category`
--

INSERT INTO `category` (`id`, `category`, `banner`) VALUES
(1, 'Business and Economics', 'cat1.jpg'),
(2, 'Language', 'cat2.jpg'),
(3, 'Arts', 'cat3.jpg'),
(4, 'Fashion', 'cat4.jpg'),
(5, 'Health Studies', 'cat5.jpg'),
(6, 'Food and Beverage Studies', 'cat6.jpg'),
(7, 'Engineering & Technology', 'cat7.jpg'),
(8, 'Humanities and Social Sciences', 'cat8.jpg'),
(9, 'Other', '');

-- --------------------------------------------------------

--
-- Table structure for table `class`
--

CREATE TABLE `class` (
  `id` int(255) NOT NULL,
  `name` varchar(50) NOT NULL,
  `did` int(255) NOT NULL
) ENGINE=InnoDB DEFAULT CHARSET=utf8mb4;

--
-- Dumping data for table `class`
--

INSERT INTO `class` (`id`, `name`, `did`) VALUES
(1, 'semester 1', 1),
(2, 'semester 2', 1),
(4, 'MCA-2', 3),
(5, 'avas', 3),
(6, 'MCA-2', 15),
(7, 'Semenster 01', 16),
(8, 'SEm-2', 17),
(9, 'Sem4', 16);

-- --------------------------------------------------------

--
-- Table structure for table `comments`
--

CREATE TABLE `comments` (
  `id` int(255) NOT NULL,
  `nid` int(255) NOT NULL,
  `uid` int(255) NOT NULL,
  `comment` longtext NOT NULL,
  `created` timestamp NOT NULL DEFAULT current_timestamp()
) ENGINE=InnoDB DEFAULT CHARSET=utf8mb4;

-- --------------------------------------------------------

--
-- Table structure for table `department`
--

CREATE TABLE `department` (
  `did` int(255) NOT NULL,
  `aid` int(100) NOT NULL,
  `name` varchar(200) NOT NULL,
  `created` timestamp NOT NULL DEFAULT current_timestamp() ON UPDATE current_timestamp()
) ENGINE=InnoDB DEFAULT CHARSET=utf8mb4;

--
-- Dumping data for table `department`
--

INSERT INTO `department` (`did`, `aid`, `name`, `created`) VALUES
(1, 9, 'BCA', '2020-04-18 05:18:07'),
(2, 9, 'BBA', '2020-04-18 05:18:21'),
(3, 5, 'ABC', '2020-04-22 14:25:52'),
(14, 1, 'MCA-2', '2020-05-19 17:08:17'),
(15, 23, 'MCA', '2020-05-25 10:00:20'),
(16, 26, 'MCA', '2020-05-26 02:34:28'),
(17, 26, 'BCA', '2020-05-26 02:43:52');

-- --------------------------------------------------------

--
-- Table structure for table `faculty`
--

CREATE TABLE `faculty` (
  `id` int(11) NOT NULL,
  `aid` int(11) NOT NULL,
  `name` mediumtext NOT NULL,
  `email` mediumtext NOT NULL,
  `password` mediumtext NOT NULL,
  `department` int(11) NOT NULL,
  `is_deleted` int(11) NOT NULL
) ENGINE=InnoDB DEFAULT CHARSET=utf8mb4;

--
-- Dumping data for table `faculty`
--

INSERT INTO `faculty` (`id`, `aid`, `name`, `email`, `password`, `department`, `is_deleted`) VALUES
(1, 26, 'Aakansha ', 'akansha210@gmail.com', '12345678', 16, 0);

-- --------------------------------------------------------

--
-- Table structure for table `institute`
--

CREATE TABLE `institute` (
  `aid` int(100) NOT NULL,
  `name` text NOT NULL,
  `username` varchar(10) NOT NULL,
  `password` varchar(20) NOT NULL,
  `email` varchar(50) NOT NULL,
  `phonenumber` bigint(20) DEFAULT NULL,
  `address` varchar(255) NOT NULL,
  `profile` mediumtext NOT NULL,
  `everified` int(11) NOT NULL DEFAULT 0,
  `averified` int(11) NOT NULL DEFAULT 0,
  `verification_code` mediumtext NOT NULL,
  `created` timestamp NOT NULL DEFAULT current_timestamp() ON UPDATE current_timestamp(),
  `updated` timestamp NOT NULL DEFAULT current_timestamp(),
  `is_deleted` int(11) DEFAULT 0
) ENGINE=InnoDB DEFAULT CHARSET=utf8mb4;

--
-- Dumping data for table `institute`
--

INSERT INTO `institute` (`aid`, `name`, `username`, `password`, `email`, `phonenumber`, `address`, `profile`, `everified`, `averified`, `verification_code`, `created`, `updated`, `is_deleted`) VALUES
(23, 'LD College', 'LD', '12345678', 'admin@gmail.com', 56431641, 'savsavert erh', '', 1, 0, '', '2020-05-26 03:22:44', '2020-05-22 18:29:21', 1),
(25, 'LD College of Engineering', '', '12345678', 'ronakonline1@gmail.com', NULL, '', '', 1, 1, 'XBanoEL9GzV3RqdM', '2020-05-26 03:20:12', '2020-05-22 19:36:36', 0),
(26, 'LD College of Engineering', '', '12345678', 'ronakpareek280@gmail.com', NULL, '', 'LDCE_LOGO.png', 1, 1, '3uBRck2GydrTnmEO', '2020-05-30 12:33:28', '2020-05-23 07:28:29', 0);

-- --------------------------------------------------------

--
-- Table structure for table `notice`
--

CREATE TABLE `notice` (
  `nid` int(255) NOT NULL,
  `aid` int(11) NOT NULL,
  `did` int(11) NOT NULL,
  `cid` int(11) NOT NULL,
  `uid` int(11) DEFAULT NULL,
  `title` mediumtext NOT NULL,
  `post` longtext NOT NULL,
  `views` int(11) NOT NULL DEFAULT 0,
  `created_at` timestamp NOT NULL DEFAULT current_timestamp() ON UPDATE current_timestamp()
) ENGINE=InnoDB DEFAULT CHARSET=utf8mb4;

--
-- Dumping data for table `notice`
--

INSERT INTO `notice` (`nid`, `aid`, `did`, `cid`, `uid`, `title`, `post`, `views`, `created_at`) VALUES
(1, 23, 15, 6, NULL, '', '												asbasb', 0, '2020-05-25 14:17:57'),
(2, 23, 15, 6, NULL, '', '												asbasb', 0, '2020-05-25 14:18:08'),
(3, 23, 15, 6, NULL, '', '												asbasb', 0, '2020-05-25 14:18:43'),
(4, 23, 15, 6, NULL, '', '<p>												gfmdj fm<img style=\"width: 371px;\" src=\"data:image/jpeg;base64,/9j/4AAQSkZJRgABAQEA8ADwAAD/2wBDAAYEBQYFBAYGBQYHBwYIChAKCgkJChQODwwQFxQYGBcUFhYaHSUfGhsjHBYWICwgIyYnKSopGR8tMC0oMCUoKSj/2wBDAQcHBwoIChMKChMoGhYaKCgoKCgoKCgoKCgoKCgoKCgoKCgoKCgoKCgoKCgoKCgoKCgoKCgoKCgoKCgoKCgoKCj/wgARCAH0AXMDASIAAhEBAxEB/8QAHAAAAQUBAQEAAAAAAAAAAAAAAAECAwQFBgcI/8QAGgEBAQEBAQEBAAAAAAAAAAAAAAECAwQFBv/aAAwDAQACEAMQAAAB9CkV1K8kGOEHOR0Eb0GOR1KKQxyKKAAAIoAAAAAAAIoIAI5Aic2WlAgAI0ctIj2DQKje1cpURKcMcSCECijHI6gCAAAAAAAAAAEVFAADnNHN0UcaiIqA4AAAEEFAaqUwUoHEMcSQxXA1HoCgNcgKIoAAAAAAAAAAABVtcfjdDfy9/wAvp1QPb42qjgAAAEUBFBGiUghUqKZCgCK0HNcCADVbTnIsAAAAAAAAAAABW4/Yq+T1WLVZ3Lr0CC/Q8AAAAAAAAAxkjKYIVZAyAAa7m5eid5Ne5dfSm4+v25A1bHua6AAAAAAAAAACOTmM3M2MXT8HvjmpX7OkUPoeAAAAAAAAEEY5tRgVMqLCKii+Xeo+P+fsk77Xk9UHTc+y59Kfx3W+/wAcz4Jd5cIkOEUAAAAAArFHgWT+P09BBo5/H1Wtilr9eFsD2+MAAAAAABrmjEVuiDSLCMByIlVfLPQ+H8fpuSxN4ehJarx/S89BcejzZ1/6PhkQcIog8RYAAAE4DoPOuHWPtOd7Xx+tkc010/UyNr0eV4Hq84AAAAAADHsGsc3RgEsgCPY8OW5fWzvD7XUrbcda73BKjdLMXtuB6fvw3UG+3ySOiklcBAAFO3wGNc5o811Xj9U/TcR2nHtOsmf0xe2aF/1+UA7cgAAAAAAGikbHxWoIDxqE4ws84kYfM+i6qNnWCznyXDtvF1ZL9laPO9yZGt9P57no/pgBIVKuJnSecuyfL6LXS8d0ubW6jldDHTua8N7OtqZF+l88AsAAAAAEVBrkWmQzQDhRYmjEnrvgXh47lT5f0oobMTpRoTV9c7e5zWqnVZWlxHO9L2Xkva9uPRxZpvF6syPNz6GzVzrGzOqU4vX2XGbtVrk1oaOLqY30QH0/mgFAAAAAEcjKR8TxK9msrwCvCMJq82Dz3Rg0c/5/vrZT613SdXq9OOvt5t3nZuH2eV68dPR53S6Y9Nt8FqcOvYpynQSzV7VaWpHfoEy1AuJDNqbF/G6nUsge7xAAAAAAIIg2lRUpI3MhwgZZALZ4nrsPh1uZ3N7vh9nPc71GN1S0LVa409zm9LFoczrZvp80uzFr5tK+3QxuPWz583akzNHOp2SSS4Td3MIHPhJuj5k6Y9GKV32+MAoAAAGuYIiJSiFOjkjGjg51sRm2K8kfLpxN10Xz/fSwOn5PrjS6TievuMKutDeSSLT3z0pIn41oyMjlsSVZolu0586ffxbC9GzN0JaMOjlRHFMupZ7vzvf78enGu9PnAQUoUr122Z965aismHohTiJSUA5JwudOUljkk3OP8Pru0K2VjW9lUY+3JHVDtzudDQs8tzXKV6WzE5sqLBDZenopLfmzenm4p5V16GVpqvSR1ZaPLj3L6mnxclz3UU/Zm3Pncx9H16s3KQzj3ep570XT0enFHQ8vyWOG55xPbJUg4OPIHZth8FNYOVsZvl7spsrazHLXd05rPFel1qtRee9Wzh2JdgylltRwzCW4vS/T3yKW9yft9luvzDefj3osts5dNZ45u/T6XkI3x954n8v7V2ehpT89Uz9N6Zlmxuz3dTqVrPLLWSNzyjmjnpwGXDzxzNQch0HD89Ojkg4dM+uSduaD3StV4EjCJiB9ioqoxyJZ221zE30ftsxdDO4fKe1jOfmsSVm0jnyN9Lh9PxnT7vTcxr0dea/azbuvgrIkCna8z6FPq3kcnDwtUBsqPgAjiGMwZuhjwT8Ny4+/jkI5NGujkHTMuZsbdJcXNS3drOsa9PG6WVsUemLudH0nv9lel0fNPHGkSc/LPJHdV3SY3Ub+jaz9GH5e+A6TVyPb0zrnST+zychpdht5UNJU5eYVCYUUHOQyQA8f5wrefsl6lclv5dyjnVNJIOuHq5DT7PlOy8/S1V2ZOfTnrOvJNZnO9rjy8fX2o+vPmIupy+ud6Xk7vt9sFHpJ88sHSY7m3bFe35CRubzztvxt+zR0oJvf4Rgm8iiCoq0kjVgRUAA+dEhsefsWa1nNGsYMo6OfqWLFMrs+k5fuvL2nqXcvO9a1W0mc5siY6cvT6XL3KzZYrIW3mlSPZimse/YEsvJJaTo31Dcihue+scp0/s8oKnfk5oCuaooiwoAggfOlmu7zd2vIh7UnQz9SFar613WdD0Lgem4de5iqaPLplWqTs616iuEz5LM1i0enzDKZrVS1bq6lUYdFqZTrVCtJsN1M6LUqVn7/AD7d59HOZ6X2eVFVevNERQeiwACAHzi2pa49bkFmvz01a6bzrxUtLGqJNPqN6ens8t7uniWePXTzXwyhUbNWdPFvGjWnry5l1bpXH5pPNUmsdn6eVZHdRlXI6tmI8vWpblfpuaXWfSEzNT2+RqqmsqICjQBQ+YXvOXTTgqLmuAq46pp4sFe/UNnt/LesxvvomaXHrn5urzxWvZWrKlyG1LeqyIPv42iRY3RYMrJqNix8mdNVualdlqvWZFz9KhqZ8Tqu89L2Pn3U9MbSsd6/KqObSKAggfOMNqLzdo4rTLK9iBNS2xXSzz1VzZui5y1m+g7vm3R8um5zt/Lxuvq4WjZt2WPzp6RWBjoyUKcsuWr6Njlgj1NvS5/WlkilkMVNHB1mGjWi6ZuafPvs9Y3vG/RO3HoWPZ25IgaiDhfndsjvH3pyqVHDcisglYzUsorohnrsNnreHv416NnUr/LrkV9LNjobnJbS681C5mpJA5Uo6NWIsy9njIFs6kmrUil2m5zixyG7x3TDW1ZevO1Yq3ZVtLEvrdrnd/1eZURdZUQX59WCfx+hrZ2jHsQKtssoWIW7zfrpdzc2/HSs09TFnl6h3O6nPd6zBYlu2K3K431ief2tTt6+Dfi4lWQo3KVqJdDKmq/TWvVvnL8Nc0aUnXnQaQ10nRcp6bc9FGqejiirGOED56eyTyd7T68udJBYclBZYtRYJkKczodZ1atazLnPspqJPXiTptPkek59OiztLT578ug9SxtzgJduDWX62GsvT508WNOu58dmvWqtBiOpuZtSWYsnVdNvOF3sS9+KujdqKx7RgofPTns8neeWs+W86NJUjnRKUNypY1a5qSQWYrH3qFuXQmy3S3IFtGh0nBaGNej6vM72dW2tl9HGAss78sPH7VM684xvWosa8nf6TamvNNbvJbOU37tjWInhvKIJSujkFRABoeBNbL4+8auYTzUnrffUfEtaRpQguxbzUJm6jFELdzImzdarLu51kmhDLr9p5708vXSwz+zzK1SxBFGg0FHDZWSCtcynMVRUGg5iyuakaOGh4G+N/m7yOifmkUsdjrFV8TJCEjWvKz7M1VLN3Xzeap+kvXy/TsVNZ6aGj0udYeiB123wvZ9+NmNydcDRgqtcK5HA9AGPSmCoK1WQ9iRLLHHMSCh4JHZh8vds0KpLCrR0jHjQdA6OUjtwvl3t3mtrG9rawtjnuDP6OWzzW91+T0zTG3emIt3M3e3KVXRdcIwZAj5SVFWgFGtdEPVGixuilbEqSrajfqOEE8ISGfyd31rSS1ke3WZUdDKrkBBzR1ynZl19nk7+ddjtcnv8um3ao3bl1DSj3jjLz6+mzfqXPVwK76+8vSKWWWZr0VQpUGiNcwVGoJGNlHpIOFSx4B8/zB5e87wxqrEG8WIwlkaEQzhqSvDGpZglvdKGN7uoGdWEDtwwpwm7Lw9fniiDWW2AWeQLHtBBgK1AEiBY0CJ5ApXgiAH/xAAtEAACAgEDAwQCAgMBAAMAAAABAgADEQQSIRAiMQUTIDBAQRQyIzNCUBUkNP/aAAgBAQABBQIKIAOmJj/wDF+J+I8Qf+GPoP8A4w+k9P0PzfUdWaporvdq/Dx+TqLBWjn3bNAu38AePzPUrC1mnSUefsP5977K0Hu2KuJSe/8AEMH43qT5GnTAYyg5f8QzI+Q+9ztVn93UjhXaaT/Z+J6zqDRUNTdmrWX1NpNcly9R9/qWqxNKsdumiHf+J6rcbtXWMhFxBwNF6hAc/ga/UiivebH069jtlq1yNKmPxbcGytQJ5TIjLzodbsAOQIPsvsFSa3UG+7Srk/8AG3vRcCjx+Hrn2aPBMQQjJ/6Ph049N1G9IPrPA9X1e5k86OsBH8VJzKh2/Wfo9ZONBUBBGeAiZ3HzN5RtPaLUH1+qav2aqw1ti15spXFbCVieXXx9Z+I6+uWbaqBuDEbbX3RVMEXkFCx0d/slDn6tTaKq9dqTbZol21UYNiHjE8Slcv8AievNuuqGExCAJZ3DEPayr2WCenWb06j4k4HrGq3le61uyqq3a+nbcrRn503j7T1MHXXbrdUcBY/k9xcDLOTbU4eOvb6e3tv1HwPE1+uCrfZk6U5u1Hg8HQXYDNkJXuatdq/afgOrcmzzuMc8E4PvbZ/caSEbozbW0d29c/Gy4LNVrwEvtLNY00vFtjbhgmaMHeDxT/YePtPy1LY0+ZYe7gQxzLTKLWQaZ8xm2HUPg6fVd9V25X1eD/NafzXluqsaWWWGHujU5lunxK6mVkEUTSVgCafGfuPxE1P/AOfHd/0Uj+LG5bk18jR8ubNo1mo3W0vNDqRsb+y8wpCMRlzGXEHM9sT2hBUI1YlPjBzpeG+0Qw9TFmsONODmW4LM26WsYxn+xB/s06qDqmKq79y24lGoKupLKrlYuGhxGwCeZiL5zmYhHCdpQgjTpz92euegmv1H+cJkaobXsbnaXl6ShsEYNVZ2jX3ZjHkSmJcyRNW7Jprz7wdWikBTjc6ZDCbsEuTN3G4SpsGnG38HMzAZ6v26xSM+of0eotGd0ZblNTWDdon7rMTVgFW81rmVABVHcUMQMRQMRTlh5yBGrDhkIO2bYgwqEiaG3n7z0zMwGeq0e9Xpda+mjMH01pyHp3FapfTxpPLW4GofMxzpqudi4RdxVIqGZxE7QrZg8gy5d0PaXzMkHdK7iraW33avuPTMzBL5dR7moWsUi1wqNduOntAe2lGVk9tnYx+ZSnco2qp4TuGCJmLmBts3ce5KmzBgyyvj9HbhQCSvOi1HtWqdw+Zh+GfiJb/VSf5FjExqfdrvqZGpRhYtm6nUvk7txYzRpG74i81gmHgjk53Eboj9prJi2NWVtV4ry5RiwYg84w+JodT7cBB+Furpqi+pUNBrKjAwYHqeg+AjjKsSmodV3e5tl+11dlej+RsZ33EdoqX3H4VP7SsYXdgdysu52zwMCKVhbBG7NVB2srIRZw/bC0Ns0iK1FtAM1jamqN6zrqJ6f6nqrV1Gqssjoua76ahXarim40sDuXqYPgOmpRSH4ezMvuORZxZzDxMzRrhC3NfJBgEA2lpuGFfC78RX7qq8Q37BS1urj0vTZa642sEyNuhs/wAVjgTU27mSlC1twRb9Va05Jc5ZZpLjaugOdP8ABeuYDDNTZLv7MrNLa2AUqpDxjNJT7rOwA8xc4V5vxN5wzz9HMooa816X+LQ7sx9tKV/nU1FvUWg1uZVrqQXWq6VNtp1GsJmlTK6q8VrS/uwqpj1Lj+Nyayg9OP8An9O/0Q9V+Amou2q9m43mCx0ljtZ1XMAmIOJuMS7bDeDDcDAy5yuKE999PVXo6NffVq9PqtYKYSWbPT93N26a40OtkFtO95rLPct09fEY5KiPzNDoguk0y7KemOi9AIBLTgau3ndDzLT3DuJWbZtm5hPcM3j4jMM9BwLvW2a9P5DJ6d1EPEPJuH/19GwbSarV2b9Ja1mnY86X/WxiiEwzQ73X4joIJrrNqs29sS1tiefgOZiAQCYgEwYVYTIEM9ItG8Wd2uJOo8QwmA4h5iLLVZ6v4/sL6hUa7fTLMrrE9q/SHt8nxGM0lDM+lp9qv6GfA9Quya/Nr7A7FjjHxUQgT9Y4xiJXNu2MeGwToXSu/UUvptTqWJdvHTOIgLQ8D0mmKA41OnW6tfc0V9lS6uqtGpOQJuzNLpHsfSaUVD6HbE1Oo4ufc1UZAyum1oeAvmBSYlZntkw0zYRKqMz2yqsMRlzHTB8So166htI38VuTvm4mJXmZCjSaZryrB4kH9tZphalOmaoafTW3D/4li1PpirErWsfTqdRLXzB5WJ4v8x4o4mmIzpKt4bTEQ6XIGmryKNoNIYX17Y6YjJmOsGQdLqjtv0depN+ivQiu6V6LVPKqdNQaT/Jq2bD3e47ZmnYMvsALoV21/YzZJiz9Ut26nyvhjmL4mlr40iDA4C7YyDds7dvGprBhXkJkPRxbpTBS6FGtED2El7Y4i1EnR/41bthaEcVvslLb1p4Q/YT0E/SHbLO6Y7T5XxWgJ0i4lfMXaFdsnTjJsqnObUBS+va4XujAGNVAkIxNsCbio5oxG4aeT4mms2vQwZD9n7A4HnMPnPJ5VvKzOD6e7GUYIcRw4OlPDcxiQclpdWduOWHP/cU5hQFWTI2TGTVCqsCDAhnkMu06PUEFW3D61HJ8fvofO2P5VYZpW50Vp2o2ZaAYG2RHJnmHtJwY1XNlWJtbcy5PIlRIgUMNpyau5siBtgRQY1c3COvajbW0mqxFIYH6icQGHosxkJxLUDHwUslTzTWPKHJjYxauCuFiPmb5vgOZZ3A1TbkOJUhMA2iYBlmDH4lduDv3zb2mOMRXKNo9SwbO4dD8/wC0Xz+pmbsGs5lqTdme0ZUZpXVZXtlREtxGi8RmgbJo8f8AVi8Lnfs4xC4EzN0tXhyPdTkK5m84YZD1wowIsKz0/U7h9O7EQ8AdphPJlT4JOQSJVsEqqzKuIlrKBZuhj5wTN2YspbubOLGyqVzGBZ4c8pgRX5LjDrmABS24Rd0WWcTeJYARXlJob/cX6MQcSp8ox5PlTg7Vsi5SMOAcTRX7WpCWBKxhkE2iahysQ9zchcxVicCwkSs9u3hwRHEDZmYOJkFlmIw2xNpDcyziZgOJp22WK2R8zx0VtoVs9VO2LYHUjhxEDA6G5llNwaZEt2iX5JHBq5G2LxOMBZlhbW+Z/ddXXtlfjdkFu5G7VbJEsQyriWY2uO6zibua3Bmku+hh0I6ZimYnMS2cGAYmlcAae0GK3F0tgPOn5mOds/6cbiDkse1LMSwFpYIzd2/EUcpMSzc1dSMgdrEt9/cGuzHfgW4On1RU6DWC0fNlghExBkQHpzMwRX2SjVtKdU7ByxlomcTT2mUjcn/I5hPBg7keKwMsXjlSIIO2U/17pxHKrTqG9sWNyWmYp5rt2H0nX/yV+gCMOhGIOehyJuMrfMqO06RlacYtQmPXiDtau/cnucK2QhwW7oP9YUGFdpaGGDOEO9ahg4yCZqAZqtQN9hgMEAzNsqZq20l41On+GJiEQGeZtnieCrZhEI6VnMpuas0a8T3w0tMYRSVlT9lfgBt2eSFyWADdyljtfMyN1CYZdix7HK0WuRyJq2wmrBLBs1LBmJ03T0Ot69H8sTEHRhCMdFaYzCuJnlHyOVlOoOEcTzNspG07yp/kx7wYto2O6ldxMsVGhrrwETf7gyVY2qMjflA4Q2Nzq0jdsUxrwsr1Y3B8r6LpE1NsPwBmYDD0ziZjcgjojQEGWVzkSqzpXbytwiMJug5r1VxydQ+U1eZVrFyt2CX5UnF9ewq+5fcfd7E9w1VlY+UlrAoygT+KrhtHZPY7qxz6HQadGfiDiDkrNsIhGOmczAMZeiNgjBliTGILCIrZiPgpbulJzKczW6bcHUglRjaoKuySnWjbRfmMtlkenbK2DFCys1gVm5j7lQcy5OLMo293CKTPTvSWz8D04ggmeYFzHHOOuzMIxEOIHzDgz2cz22WHMofE0zgmo8qAZfoUtF3pLCWaCzd/CfJ0VglVNtTU2EjKxjGdwWKsyvmO5azjd5UIjGvQZGh0ldHQ/QsB5WfvHLCGZm6eYy46V90U4iusVUaWaZIEao6XU8025iHhTGRGAprEFSl7aU26n0+u03emMpt0eo2sltQD4nLRNPcSnp92E9MAlWjrQBAJjH1bonn9eB5m0wpGWGA4m6YzK+Ir9AWWLeYHDTb3U3lG0lu9QcQHk+IfJ8uMqMqxFZb2KvdShFZUGSOeh8Z+eehn6HERoDnoDPMZYwhHQTMER4CDDTkFWSVnhl7tBbtlT7ok/fQ9BwTMTmADrn6CZmfvpjpmKYTjoYQJxNsxNswR0VpU8rK2LZptnSvg6S6VNkdD9g+Wen76A5jCYimEiZMzxMCY5CzZFpzH05jVbYuZRbKnyr0gzGJTNJZkD6z88zM/Y6L0SN8MmHJmOAIMQCsyuuV5ldVdkt9PVku0b02Gg7tMxyq71ZYo2zS2HdS2QfkOg+gmZmYg6MIcjopmen7PUEz9EZlNcpRc1KBBzKv630h4+jGLNMVtqO2e0LY2idZWBKB1PQxPI+g9DDEHU8w8iCeZmCHoZmHws/dPMqrqi1pKwcKMzbLKA0soCRXKwZYVL3V+IfgvxPxMz0XpiZmeSOD5EA56GN05gPFfil5VYgFNq5Rt0rgmJqEyLUw1GDFTleh6r9R+A6qecT9FYemOBMTwc9MRBmFzKuZU4WabmI/MEeauvdKkINR6MYegg+Z6HqPjiLMQiMJ+v1jof7Y5VeCIByqhmyZolE01jE190r6N4t/uiiD4r0HyPQ9B0EPX/8QALREAAQMCBQMDAwUBAAAAAAAAAQACEQMQEiAhMDEEE0AiMkEFFFEjJEJQYfH/2gAIAQMBAT8B/p8Ok+OxuIp49Pj0WwJTuNsCTC7JREc7IEoCAncbdEa2c0OTmYdimy1U+nbojS724gjpmptTRCJVY6bdIekKL1mfyytElMU6LlVTrttFjaJEJ7MBi4aSgA1NTSnaBEztDlN5sUEThR9fK7YWAKFCAQ5TuNumJcvlEolBVXIFTmqPhu3R5QMp4/CJKB0T9U0Z3CQiI2qWjkAqhKBlFy52ajPm7aFR3ATqbme4ZgYKbVRqJzlKGVoldkgSeF2HkS3VEEcozK+27h0X7fpPdynfUyeGqj1Lep9DgqjcDi3MBoiViUrEsSxWYwRid/1Uq7adPG8Qqn1B7uF97WHyqPUtrHBVTuncDhCrPHTU5HKeSTKldE6KoJVZ2J5OVtuVChQoUG1JjTDvwF1L8T4/F2CTon1owgL6i2WNcEeUE1g6ajLvccwTgckKFhRCpfqMwjkLqqLqb9fm/T0MLcbk44jKZVGHt1OE/o6M6PTTQ6fVvqKqVHVDidmCPF22hEKEJaZC77Kgw1Aj0/T/AA5DtU/YJReXamxT/dtGzbEkG0WhQoyVWQZ2jZpsLwozf4U9mHZ5sLDaKOuhTm4Tmmws03GybVGyNoIHNOaVKqD52gUDack3lOKm52wVNsSnNC1TzpugoKFClTkKJhEzti4KKcVKDiu4sa7iLz4R8KEAsGR/hixRFnHwwUE5A2d4jU7i7tz/xAApEQACAgEEAgEEAgMBAAAAAAAAAQIRAxASICEwMRMEIjJBQFEFFEJQ/9oACAECAQE/Af8Ax9yuv485bVZB/d/Hzyt0R/JeNulZ8yItP14ZParLt2R/JePO6VaQm4MhNTXXgyzsRjX3eP6j3WlEJuDF3yyz/Q3bEYV348rub1Z9Pk/5fGctqJFUz0YV147vvVl7XZjyKavVySHJyZJEkJ2xKl4pej9aIZt3Mi9no+WR8kjcbhysZH8uS45ZVFkRCRIww/ZKJXLHjuXj+o/EraQFVjXZj6RJ84Spid+LMrgzcYqZJUxRH0uNcMWT9PVRbNrXvk1aongohjIwr2US7fHa3+KF9Pl/o/1MnuhwcfemByn0bY4/Z81ekRyLJ0xqnXKTtkYm0ZtNpWmLDf3SI1GNvoeX+kfNP+z5Fk+3IS/x73dPoUVghSF67GkRVSsk7fGbPZ660svhjSaMj7rhnztNQRP7oJkfWj6XFuiRBrVss3G4izF962mSLi9eoR3SJzc5bmYPqK+2Xo+39Mc0hu/fG7GJd6z0sTEyOSiP1aaqaseTEP6iMfwRkySm7loiHrwPSOktEtEyyyy+GKd9c3qmMmtHrZfJddox5N3JrSiqLGeh+JC67RGW5XxsrRiJR1fhWmOe1+Jjjoyta4oooxv9ck+DQ1pXCtKKIIrVckez0exoooo2M2la0LTogu/F6L0a0UjdY0iitUJWRVeBaIerQjHEocEx4z4z4xQS8FcmtUR8y4WOR8haeuN+Rc3ohMohHyp8WNDIlCIevI9FxZIjrDyf/8QAOxAAAgECAwUGBAUDAwUBAAAAAAERAiEQEjEDIkFRYSAwMkBxgRNQkaEEQrHB0TNSYiOS8BRDY3Bygv/aAAgBAQAGPwLRGn/qqKPEJvX5bJmfy7ItPlzY6n8uyL5c2N+YoyeJ1CfxKnAqVtHCtcivdr8nkp1fma/8HCE0e2C2e29n5HqZmT5htPUjgdYGiTJtdOHfts6eZ21XKl9j0OhOhkr1pWvffDp0wnzFUcWkcSCeoycJQmu8hakiF5iijnc6F9CDosOhoZPy1d22xmbsz5XLwVOCOskKyFNWEsTRfVd1kpdhCSwt5iut87CWOthW0M2i4CzXY7EPj3Lpp1HgsI8xfs8zNEJaicDa0JL9tjfnNo3bdwt2bPBdS4kjMWR4TQthfsXwny+09MI7NS4iLscEmX5HULUT49iafFSZ+DJ5l3ihNOZN6k3WQ8LYX7HTy9Gyk1tyZSM1LYeolVJHY3ajxXJzH+RcsTSdcLF8beVpr4CfBlEPUdyzOpodMHzx0FxORdImR5iMJWvYc4R5W2qPh7RZqT0coy8MMquKotqRip0PTqW/Q4yWIcHAWkE8USStSOx1E+PlXs16yJLC4hqrR3TNS7xuXISIgiWb28RFi9ixDIwcnthYvoSvKbZ8qYIauNccKU7SX4HVY52pPzYWtSbrN5kU36kIjKpNxizUMmS+hKJF1INBUbTs720RuyzUs+8qSvS9Scxqf5CjVFdPYgs0WIJHOhayOJctYVTuvUsofDqaWMrWpcWFOH+lWbyTJ2myyo19kTtayFUi1Qo04ia7vS5EmprLLDxmI64akHBEas5Dll0xxuot+hOVU/v7CpWVvqPJ8IippuOBez5mamKqeaFzkWFjNtKZg5I3VlRfC1jLV4kLvJN1yadhzohU0eHCxZe5a/sOCEaHI1eXmfEhUeurI58OY3+I2io6Tcfwdm2+Z/TX+43tin/+hZ1Vs31NypU7T9Tes1gtpVx0P06jdWpp2KvTvt1wbznsXRxNWcy9M+5dP0OR4y2prpqU7Xb2qf2Nn8CrNNesaHw/wvi0e0Jqbb69iClVX2T+xFVHxFGkxJVQvwi2dVKnN8TMe1x8kTPYg2m3fibsJeS1NDl29jVX/wByuy9Cr/x3yGxWjacR9322UU1X3dSpUPKhZ5dU69rqzZ7J+CjvevZv2dWcC9L9i9vXD8NlqiqhVTPCUxKrbbJ5uZlb8KVPbaoU3SPgrWimH6mbgyqnj4irk7rsXE2rvRHXuoxl9zbCTej0LjtHobNv+nVus+HXw+6M0eOmmr7dqEfH2n9HYuf/AKrHVV/UmWNCb8IsjvwHTWoNTdUslqXyJfi72/b0ZZF6TiaEKmGXwtoNcGU7HbONtR4aimmm9eyt6o6mmF8M1W5sf7ufoUbOjd2VPhQ6PoXGzddjg/U8NJvMild1butDRItkLu/QiXON8L4SrMXxIa/vX7meirLVzVz+nnXOg3dhX/tZvL4dPOtwTW/+o2nLgOqp8YhcjW8EnIjgNU+Y0PEWN5llixrWCVpjNMo/ixPHmX2jN5t+uGXhzNC3AV5OjFz8vqfmL1HFmjRoTOF1GPU/cuiNCBM0Eogjj0Zu3Q8p0H0sRPsyV5axfC1JME1G6bw0aSbjOZo/bCDKTqQrSfm9CVb0LEJ6chVXkfEvrhbvbdmVhezL0ybqZoXx1L3RaYNBwi+py6ltORLOn6mltWVOniavSOrHSWqpvyN6HCNLH5n9zqJ6ouSvIybtquRDIZape5wL4XwsMvhEHGR8xfqasV1A1+blyRmvYcOb5fcp+rgq41cWWj+SG1HGUSogmTpoZatCV5HqZdqvcmm5vovoWeNi2FzkQWf1NPYlroWtSO/Qtf8AcXNEUkLgzjlfApS+xrJd/e41qT9Rci+nkIeEVr3PE0SoIilnhLmuGuGsFmi33L1Gli/0Fl0wXVFXGRxev9xZXx+o30g3UpgvCvqLW9om4nblhKn+RRcidO+uWsyKsehwIdzQs8Llsd65xSN1Sz+GTwP8TnP/ACBJekIcs9dB/qRTlvpB/BZWIv15HRdTVt8OotWJ06C7+5bCxdGhoWNcLrDmfthpukF1Ynmcv2FwsTp+xEaczUtx1ZNpOXU19RpC43OAssczLPQ499Y3sd65bDXGMETGH8ljRkwyDpShriTyLR/BrHpceV31vohZ66vWJIzr4TGpkej/AGFe4mhXIevDyPQsaHEu8bUly7Lv2wu79S8o3ePMc/clRBNkafsdBTd9Brnwg3jipL7ym7VxwncXYtU0fD2ltqvuu8t2YeNr4a4wWkl2LXIn2mSG0XpsaNTzOTOZmirKN0TK+opqqNLL7k01OSXvV/RIhx7FsbYKqhxVTdMo2q46rk/I3OhDLLsSXfsW0J/KSf8ALn8EJInNbDPLq5J8DehZeuo/ha8+EG9NKj2M80/Up8V+cDza6alM43xmuyrqzU+ne27MM3TXsoyubG446kfuLL9DkuRlSZGRfY0UodL9kS3bkrEZIfA0VrJT+pldKc/Yvme9bQvrJl4TbBzqeEkqr2t6dn+Xm/JWwhli/YbLIvgqXWWcFtDh9DMmxZU2+aEls/o/1M20qqy85hLoON+rqv2EqIdbV4KrxVp6GRaEVJQZtg4fGlmapYKjgtTO9dq83tw8j07V+xmp1IaxsyK0f6TdTN77GZVVVOdDrpI3U30kSs88Rx9xvVK+6/uLNS6Xr6Gn1xiRKm9T0FV+JWWn+zi/XzF8FjJuqTwwaD3WTlY1fPyZNdubRTKV/wC1cB000X6lLqt/e3eS1T1m5f0Un2KnzL3Z4dRNKa3xL93fvLmhukoirXBYQ0TlRmaNEWUQuBlTmmBOjRrhqOaXK6F9GbtLngkhRRVPM3vUzV1NqVZFLpUNcRW83fCxDFguwsLqaYLxAoSsOVadTTS3qLLwI4edsXwnvdPkEVFtPlOuFlfkdCxchkov8lu4LSyzRfZJkRHRj/UdiaSGbpla+TXdjdR4n6GhcmCyLYdSW6Td0+SakTCLupsttHJdz8nt2JLaH7lk4NyOz0I+SwyKfChfqa+xmpkv8heC7LYhIqnhg63d9REvzv8A/8QAKRABAAICAQQBAwUBAQEAAAAAAQARITFBEFFhcYEgkaEwscHR8OHxQP/aAAgBAQABPyEpj7U7B9oB2Ogi+h0YQ+g+s/W3g+oHR6DoEroQ6vQ6pD/4yOptgr6WH0AhmGIsuH1H/wBDB+mTorHodLhHof8Axj7eEfrEw/QIxjuBZKnMDoqVGEf/AJECYj8mojTjqw/RepwjAgf/AEsFp5TkYQx/WX0IwOr9Vw/+A2InIGUJVJGH6T0dyuh+gPQ/+CkTL0OjpJo/UYx+qhuZEss6PS//AImjbYMSsMkyk1+ox+m+h2j7oAu/vUNww3iniPAYhl94ao5ziPQ/XMq2QzXKib1Eyh+mxYxMwZfQ6Vm2J6+ZoQdu0a2+Evy95VazUSFnQf1lmfSK+VWMSxE3BNj9R6u5XUi0XMnNrz3uWnAkDTi6pRoxHoKDUzVsDYIJFFH9NSqqLm8NRysgVTiZ9Enb9R6MuXLiwYhLTSmZe9sqLec/EFK9f77xQYb2Yrthwz/EuuyOI4I8xzBjj+ksjqO64bhxvbDCi0JZaJRUo/WGXFhGEYCcx6ZsOCam2KbqZ3S8HxKdGz95XwjHY8w8pS46Zqrr7fUPqBFziJ5z00cl/qUEtI4ho/qmPR+g2Fpq+JRNJTv3grDLDX7QXe75rgqWb1sngeWLskEapXeJa2Cs2+lwfrdqo5LtxLBTISwBGbDUaQ/UYxj0OoW2xWcW94BbqsZjfJrOiZ3WS4uNeWBaexP2miODSdoNlymRmoxTvwdGH1ARdS5wG4Kz3jIyshkwqIWMO/69juKLpcFOhc7KMSoq19p2m5cEssQUWAU/zLOwaSvWvuuCF7GJ2Gi710PpICvEfyGQu4YxFAx0MMEzQ9JqD9N+qxZlxcLFRtyj2l+WjEqxLMukXGQFaYiZ5BWKjLoHnvGcBgjHPUMoQ6KG4FhuD45qPiIkbbGCoMzOUjUI2s0fp39F3DWYy4MJ5S2fiCd1Z28SzyTBW2eUDiVGJZ1BKhuwpXEpgNiFd9krxpcERomAVmL+0SdIJwmXYVYw9YmhLjUbhArJLg5ilxI1DX6buD0OI76MWKVQSy8oaJfCRLuqzGG4gvaYYSiMIm60OGYG6amH08u45Xi9kYpRgTuWE7JkpICYm3WJTxMqEGooXiVF0TdlDGJjSCxcLhr9N6KawZ6LiLo9zKiWIM94jhQ37nrGplAwuWFB3Ku8IYMWfENU9mI6GyZfua3MzXiVpguYiG1mOGJMBY4hLbkQYNxUhSoqFGd9AixgEZv+m9Ho90d9HocDgHZC5XINTDQLzmKEOBgywhGNorXiuZRLUHfCGI2C65ZvTPPMQ0ufTBiyoWypMUy5ltblKBh/MqtjHBszEjFqiA8EgQzgxCDtGr/pGPS4xjiX9E38cbqVjTVLC3CSXHAMxyLUEFeVwLKSxDb2wEutdEnAZmPuUSxMMXCi6txL0jvMVg96lApUAL/GYlD6jv4EVCagkxMlE4lMyYrnMVDf0n6hKhD0tm6UODcLyRuFQHBGE0+Duw7Rt3lGWOmPTD90Jg/aJpqF8SK6njHNwHBhQvggKozcy7dvglMhOkcRBWYcXLqMnMo5h7E0as474d4HA0wUF5hd8QDfftLeNCHceX6DGX1Oqph0uKlzQkoDisHaIwrpuIF2R7dJWfeEB9gRVqjLlWVMksFO5hRnioSNZSxL4xLJR88RzTZ5MR8lO1EzQRZLlg4UzuFGkZ0m4ppzzcq557QWzhJeJUwqztyl6pGBlSLvHOCOh+t6F11NOlS8w6C2qvTFFpCGPM0Z2is4OZQEgyI1ZXGVI6t/yEFknBxEDFcdo0WifsRkWFQ5pTy4mK5PWoG5KvbhnP8Ag9koVaTitwbWudNE1ZvBNcAveZuwzXqKgfMwuFuUHj4mVGowQd7mYIu0QLw6e0EsR6rW4Vi/MRz8gRymvuXYk6OYMwixdDpvPdQm3bdonISu+oh0xWtUIMg2nuZYYeels7kfLg7wRFU84luED0LPeYCb9wqWs8kDt/SNOH+YQu7OXMdSfgx+Yjprelhzo91aDpkNoKGiK/8AAxGP5QNTMU+7mMNbhaVKbEnDL49RKRuG3cvRYfBMbDwsy9pgQx4XihosJ0COpt01DoOl+R5RvaoEl695VmBtmsm9wXW8Qrrfme8Rq/JuUUXcObj2JX/KY8Ud4Nr96eDTuRSyo1WZSCPcpk2eINBPqGraoP8AjMuCPBlfjBDtIc2J/MrGlvSOq2qrFkTfMm/ubJbRmSWuzD4gm4FXpKTOG47XwBtiaej3DIavmYElylK7kf8AYV7zN+MdGXiO4JUuHSKi5WJco2MLcSEFFcvMwnMAbmDEvXkQyKHPeXarxEM2O8rKzcxwu3LF7Le0g4Bjm2Xi4vUyy0aULvwHMBspgVbe+Pj7wPdvg/hzM0m2GA6XbRV/eN18y/qWvs39oPKsDp99TPWCzFRVgMl8xlBomAN5B4O8aprh3TIVxxiGwxC1yXBiVGkQIb5XqcxIJUWEw3CSmKqswuYo2whnjXSxxMeD4iP/AFLLHyZhjtAcVHWD7ETXM4VUQP4TaBv4lVqPtCakBv8AjK8aAGvSJdigsMDP7kt6uSy+QjRh2q2PCBRncCPIjxLc10XzgndAXwr4isfpUftLvGWlItHZRGCdoYM9IxRGTUcqqQ8f+z0lGO+ivqQaKLmBF8oNw0T4kHiE4auHfJVu3qD7v2II6RjHpkiQ3MBG5+SH+7sygI1hyAbTx/yU3R3xrft0QK39pddHbEG2Ke84pluF6P7o4oeCjLDJcn5mQR8pjqWMoxE6OwTyafcNVHrWevCKCuYysaEse7BKig1HoOSZevEBKzLCZxnB8kHaFe8T8ksoMrJ2wl84hWprw2Fn2g6EkLtv8RB2Gerfys27xThnCl1ll2Y4VPzVwQra57BbLUuBgmGEH/ghjqlQWlEpLj8AaIBHLbCViMqBCMuE0vgzOMi5vE/0whR5iYlwyQsZc4JQ036gZalsKZlru5ZSc9oPJ+Al1jZCgHwwmfey/i//AFizarEfkIbq3lfL8jFNwuJhjxGcxAsLS+fAHqIVba+WV+cEIw0a9yijnLgoCXSZqbxQr2RwJsTDDo9DpiCbhizEvZvmVsYnrutba9dMhVkE49k5i+YoZb9RDgDOQl88zdE5q5bwFhcMTI590/eB/M1ot3/ETTKQatf4Y7MYcSo01ZZ7Rnekw4kFXcj36IB2Zf8Ab8wWke0dDIxUpCImojspxMDAJyCEo27wEqrCP0h1ubRRHlguBUVy3aXep2Sy8BjCOUIMnzCNvaip27bgPCe0EGhO8xFp4xuWaPPEsZLPErYleZkxolGlGmWRaQtwsu2UqPsl0a3Nd/G5Yq70jQASQ4GMsOEq1EAADThNANxmXAnfnEHVWfc+V6XF+khHq6RzaDlLkdATYm4hn3ERbzzUMLZ4SoJsIEr8MdREg8FHwypVB7kMoAVqc57DuUCrF2QeoF/5L8N3I/QtnOSX5g8GViiPZj3kMZVyrGn8TJfoP9uURteGpkq2X4mxo3kioodFx3NGjUJQdT056EPoZWw7sOYG8tMRDRThleUEI2YtVlKXfM/oyp+NBNjU7u2JppCnBvhmb82DR7JR2CxoxSd9yrAQNo3CB07zAMMkz3/5DuhvHxLlzQ3mCiCtCzOyueX/AHmCu3eUJA+i/wC7xWxQrtn7y6Ab8IUR/RGqLd/uQgmH6B0IdTr/ADiwtJoRZdJCd+hR/qW4sKMojXlg1lfMqAfMtCFxJj3l2lT7DDZZNl79Rq1H2TQs7hmFXRrL+Za41Ti4SbNvPdf5isJgKrNr38fvBUvYXwd4DAvJ9v6JTsNUaPBK2p5mH/sRqt4uEaILNv8AXGiXGRO37SheMtxLDedQkLhqFevoPoOqy+a4Q4hdS7gZLH3CDWYsiGG3yjho+BlSWHzFFWgzQ35gvt6hl6TJcIBweTDOU31C0A6dRM7HnDxF7ReYeHPuW5QZxRhhlvPbtQSPcO1xQJQKFcf1ENoPcsrg2qHo7H9xSCZYwK7+otoZEyL8z4HIBn7/ANSnCrenSoDYxtv8TvAM0NDnvAC2Mw6Eep9FyuiMXHU8oezNA4iJr+RC0Ck7zFlY65vjaYmPhKsgKt5nInxFq+YRqy/aaDn3N/3TzPiax35JRoHnE4GGK1UUaULiFLCxi/3hCaG2tHEEteF/yIDG2VZLVOIKNrWO+UreILSC3eiZeUuzmNOS9XXyYksFL4XqADaDdO/xK2It04+IDtHH0zK09ieYANDK6glfStt5mWU3NZmDO8g4vMw4aGmU5g+RHY1/MCwtrmpUFrQ1t/hgsL94Vm7hKbvxLK4YezNkuu+LgOJ+Ufi96m83tRd6XpC7QPZn7Q1K+7c/0C+xNqrfgdufcL2o2Hg4+P8A2ABtYvXP9x1MwbivXKr4YxM215e/Fy6g1xTohA0qYdX9TQDhWgxzEQGhwDFQns6fxcpRN8N8TjpUPovpdNQXomTNSWddAEz/AHjN/tGgfkykXPJGmg+1UwDp8TEoDK1doljqHW1yypYtDCiiB3AAsx2XMAnwRLsZ2DuDNH8CchX+aiLbvGu0GjZR8cy+gLKA/aFvGgf4RbMhb9kZOAox+D2whhumrxz8fvGqsjlTiUw0WTZ/VShHXDP7Q0rYaOM/73EVZpdYpE1BhUB2Lw+m5fXJZeLDx0BuDxJWuS1RiX9xCecSgyeEPu/eAuR471Kj8LDEqvUt3MAGVQaF3Fe0tSHuzucT3FkU2byn5mqynk0TMs8l4lVGbPDuGxvJo14gJQwlQ3y/EVTcu+739EDFt8FV3al21JxTZj94FKR7GIaMFvC4/eZPtgvf8sthL8MH/qDNV7DSvvGheRsOKfww8SFOT8H3lpqcB3clnV6rmCzNkRSWM9Kl7Eom0BgDsgneLhA4vPxBjKqZGRLjodJBnnHqPi+hDJW+5zAretrmNIX4YjZKK2ExqbalSigu25xvB1in9wDjTgccEKwfD9tQlFpwi0suKw8diWrK1Xo+POJXorhm1/3mXNrkeWY7nYwquHoUzeCzw9vUbVdLXjP28RIcrgxiZ419MDArBhcO8y6UeSHR6svuGHoVUGOYCRvKDlmNqFhY2kEP4Zxwlu01cIsuZ7BEc1wWLRGghr3mW0VvOpStNXAbWMXCWpVdncsYpOKhmA+s/aUZhbsHEKzkqHvvHA1Y4/2JZi8u8aVhsVXGXLzB7FXRweuIUqVwf+ENnDqxfiW0vBqnx/sQedTeT+tRg8lWVdLxzDal3ef7iOHDK6RTvt5gjGuXJxAea+qrWZIMdNmz4lxOeiwZJxYXN4gKpfEq2EFzw/LG7AwD/JLCwMqm5PUKMlcDmWDK0ahxYtIwrAbQjDuVARqd8rn5Quf3i8wO/wB2YbT7i9ra7UGJT2es19xhUBy0I+d5+8z2cGLyX6mV7RWV/uXCiIs0+1fzAdQXFhKVyrtd/aEqGvPR8CKSwcXAwP8A673How6XTHJUyS7pG8zZ0jrASL0yjTLUBG5TXcrCKS2wBOYoqkJUl1KYZmBhE2D1NiDuuHua8iFcDgqsRnVy+YrHWbg1gTgXFH8x+UHJELm98sPL3m7/AMYTCr2M/fMvhF1tB/1KjKHF5GaDgo4P8zGFHaEId3q5loX8Mrsg2LQQ3z3iHnexMdNf3A+8WPWkqTZKokMo7ahuIG8+xOzOb0yllAPMMAKiWFnuIxzcF2PqWLhngzYGnYm1F9iSopbzTQQXWC+eU2DBwYfdlsx5uyXF/AIFxXJTHKy1CsGl5R0pNXwF8RKD4A/7R+XPNbPvX2inzW60eIl3HTAD4zMlBG1qjMtZiK/+zMQjUVWTjtP2RCDQD4GfmX0IsvMbc8TKYTHpYVGjztDSncAI90MS2ZuBqWC1xUCootY16ysTwQIAoxrpctS1PKpqOAVV1tDA4WkcvuZW7AR/f9SitF9394pAkNJGdo5jFTLBrLePNEMnvsyn71LSo7re/nn7S54r3qe8uI/O5Dnbg4+ZgNXSUcccUZiZTTWs4hbeQpnxuUY3TQanKi2ePeYApW8G1fjEZt9DXMCYMQ3NajsmUBCpxK77im4JCcwsRY1TcMUUqEoWwLqDAXXBODW4PCnqWgtoJjgXGN+olFa63bGtQPN36ihe3FJS3957HrEFYrk34hppWjK7NNy/bHP4oNvj8xp7WFQBXZ/v516ynPP3o3NkAzr76JYRW8v5jF1yx9oW7Ayb+0JaTus1MuE9xKi18Xp+H7xQIy5cBQQBdRFzszmRahCh0hqb+FmHDMeIpTGXLNzf5jBqWHMWUvcvd0tmrGWcikFhc9tkhr5G4P8AeIYWau/H4/5NDCtnB2hzD3rR5fLGhjiTJ98QkrHIZd+Fn4+IE2o6GTHJ4P8AEqzvRsNfzKtM6WtLv/kTADGzb4he982QvySMAcKhBDPLv+EeJdEXqOh4Zmk3hzQVuArYVphOY5jQ943pF5ShAjOUjqZnYM0mZQ3CjcaiVH2JevwITNgxBADVjhcGILAnrcHlP9PUaGyluYf795w7TAqncwCnj2f7iVMs0Mnb+/txBaVko/BmUBIDPfHpL3K5Z71RCCFKKrZ4g9/3SkCwNePECsZVzFuE79anMJhmC4ErUXeGozI1KBMZyhWLOBLSYszQiMCcEm1hLIWQ2xUBylvsOkaDliCLLuUZ06/uJRu8S+WMWmZvTFXzEkdoqXi4eXsy6L/iWKs7DkIXNS12MHqFVUOLAntDbD4DENhtUlGqeoARj0Is5jcC3zKpWadG9JmyBFgxOZXzDWo8UTMQJlYTiZWaCAeUHyzmcEJ1lEZLTvDVTIHaGlHaXCYY+7JYav8A8l2bS34lqoMPYwIpyHwhag/wuW2jLf8AErBxMubK41HoehLl0dF58wfaOKRTZbOVBDmeSoxilGuhmJId8VOGeTMJziBasx7BrvORGaIiBZSKnCV9vQJnXvpkep+VyivmYFD95SqpDVcdHaXDnozmXDqOfuVPMVM1iDqp3p7zL5mvQKhntHzjzjxMQYtUx+8okX5jZyE07lryabgWQ5ldG+i9DjoQjOWPPQy5z0uOkHEUswchO5MAn2Iq9x8EQZ3D4pusagjxiNjcznJWpX/si5lfeXro/JGypt+JzbEBojkA6EZ6sRgiMCm/iZRwTbOIvQhxCBDodseYMWXB6HAhkQY5lUtzeMtmWXoJdBM1H4YwriHkqFXiG+hENqLf2jCKo/tBLL8T1Bei6wOZYSqYIw5hRbicI9wraTKUJ2lwYLMI9CDrMH0O8eYyo/Qc5R0ulQYShjlDxEwqWKGLiXTqdlHGUTSAt1QgYfc5eexhx0rnmNxEwAY6OJGOH8ku7Ct+CA4LteZjUw78xKxdcQnEWZcTioFE0Oh0ZeX6CxdOSGCYmyHBKartFTniLkzJolq1Mtx1uVJtFe0NluCFBLV4lsSkMPhMxQPZDkAGkgZfeUrUOWswRQIol4juZecs5WK4h7OijOYZqDUOh195x0WKOUMw9QHJKuU3+YPumF3A3g76dk7IcOIocsRx+8ABOJY8BLFm3cVHlLJz1O0HOvHQxgqmHX5RhlDowYixS+gmocdCLHPRd9FGVqBNJzLZRlM4K0lFTB3ib1iNIyX95t3jKixby7hgd4iEoJ2x2uYmu0OYOpr7ZZkop2mhQhB3hxLdkNVMAMHoKXM+gh04i9OXRRZeegI6gZ6OD7g0wyYMsIDu6FaXMCkqCMNmC5lkCoJ4ruVgxiE3A0HaVIFeD9pgUbGaQ6CcJU1BTFz8RY/Tdpz0foOL+04w6hqXP//aAAwDAQACAAMAAAAQFpZLbpUO884c8c8ITvB8sblz/wBbU4weHPPPPLPPK/K3PJM7fTa346BgPPPPPPPIDeLvPGHGcU1OrmFPvPPPPPPAMgHPPPOFzZMNsAFvvPPPPPN3MZPPPPKKzSXZyP7zLMFPPPd3OfPPPPOnf63LeZIaelFPPMYrp/PPPPKnQg0uCMEZlRPPN/cdxPPPPOF7vpGCcas+W8POCOdH9PPPPOKVwu7aUU8DGCQ6oimoFvPPPIKzMlrtCBc1Zcq9cJgVHPPPPAsf8/Ii/FxqU4uTV5qkt/PPNirTTp7/ACG8iWF3feIxE23zz/8AjttyU7hv/qadih/TVC48emp3EjhMp8cEt44cy7JglwOfwus56nJ84FTOJBuZz7IOfcK0yNss1t+y8fx8GsFF+7E2X2YnYgt99kiyDqok0fTxK236wKg0/wCSg0LJAKeSejF3DRgPdyPu5A5YCDAkPNELWLdTxfvnuuK/q/kCMLqsvlHgYQG2p2LGvPmqdExFklkqjoTek80FNelPZseZGDzeMItEjg1yjJCXcsxhR6tkIWo3NimucC+17dbwcJ+KaJqkFjORr3vm/GqZLbSjdV3zSoSV1yHuBi7BjkSOaeg0+n8JUU9MLQuQwy7gvqSRNZ110UQmbXsWJfNAw5GfTOx2O7tQfngZBNGmnmquECBu/wBRa0MOvD2j7recoIEqaDU9H34TNKlc0bzeLh4KQ9VDzC3KbzKFnXm+KhiG0ilpAier4bks9P8ACcf8/hBD8C8ChD88f+ggfcj+/8QAKBEBAAICAQQBAwUBAQAAAAAAAQARECExIDBBUWGBodFxkcHh8EBQ/9oACAEDAQE/EP8Ax7dsvuaiCI/59ght9tqEfAx3XZO6JWBNX27EwKhtMZ09YXKtwJSu3uORq8wKp6rdso2ygmgduiC2VUqHVOrgDfqIbELG5dX126qImsCJZR7HQgmotM3VBwREr2jYMCazCLYQQH4gfBNeI3lMNQbfbpJdWwV6x2gR4CDeblx9HZvAt16gVjMVJRtFaUbhuDBxUqayIqe0qYBuAbOJQbgcTlkYMuEWVHdMjWtfpOeDqQEl5shHMt2Rdw0XDFy471Gt69mFEU+IzQpgOmxl65qjl+9/BHtVfP8AiXVJ+zPjR6QtlUGQRC7bKsDKe4IwJK7aA5X4PM2OFdVXH3/n6bl6DXz+PzcOJ9p+IIHbwwuFj51+SeRLR+vuK02sFPGA/nRAH8r0i4tQLWykpjfJwFpD63f9/wCu/PGh/L9WXLjCcpujSC/XiJwov71+JzQeCUh9J6+fv0hcNRH6QKhAuXhfUKGEhJXBEKNbYBZcaR/evj5ftz6u8XmEQW4iwh88xj6q6D6RClvSAGsFceMH3KIAJYRgeYx/Pv8AuL237f1PcHt/EbtjNiK118wl+MbgshDNcTbuMVgQwcRwlTh6xqcQ3BqEq1OGUgVxDBjiWS/MuJGn0R38dQ3i4IIEKQbmkuEJcYx4yIAeCJQ9NT0jKMZ42XFixcb8S7JeCXltjmJXQkScYIqhy7gwbMEBHKR1HD4XRWElVi5RBcEXqXLjhdQtKjU2hUQqAFDJKwlziaZxBrZLYRdFykqwSDLix2S1yrSnoGHeEuUksZT4l1LotVGWnEESjFlsIJQ3LnSRwy/cT1OGAPGJalehloKHtKxhEt6ecXi7iSsDAGV7jsh326wRgy+gq8QEl3gec11BHUuJBqLDIYmyU8zyEWpbrsE4i4G4l44yYHC3NtRIN9gi5MMY8QwcZRzPE59nzn//xAAmEQEBAQACAgICAQQDAAAAAAABABEQISAxQVEwcYGRodHwYcHx/9oACAECAQE/EOWOX8bzseOcP4v2PB4lvDbbw/i86XzDwJ4CfwYJ+J55h4Ayj5yF1cPmOi7ChvmHhifaXbWFqI+S5etw2Pkc5wtMyZs/iQNPLDreojrbJ8jx/QIeD1Nv9Lh57C2n7hYPDDf35evF0ftDF6QwHsgYnj3DdysG6tsjYgDyfBY2IN7cdYEji/zPq2U+4xexdyQCPXkTktNdzhqbK21RkokzkI+otH48iLLOFg37hJJB7vWt+kfdb9TJJZwNhMA08Dzhtcb0GIMme5R8T3ZJwSCOoB5ugCfRZ5Ey+bZ0ybhaMgc6l0TFll66N8vH8l041/Saw4wn8zQINvdhLoIjPu2PpwW8KBxie5DDDC6yrf1Y/Vnw6+D7ugJ3dX8x/wCYs2Aj8x/mL5sf73NY+lEWrRed4wMg1hLjFrf8rFpafce4i7iGf5/3/XZ/A4yD6nUzrX/q/Q5aJmbvt5XgBJe4X7t1mIiuJ28LO12ev8Xefmy3JVdZ/d/Up+aMe1Q508vTdv8Aad74MlPvnT3wterWU2L3KWzeEw/sW+0ft7/tao1jufcOpBy9xwmcA727SPxdXJgS6OuA4WlWIjP2OXnIL3Hc9WTaO7buOy1LvueuBPdkWQ2l8kB798rzgRdpTnE9k1drOEsYiPc8OSj2RYOMs4dXvsEE6+Lt1fVJEM4y6+b08tnPqH0x2aRxkMN0+uE+obN7gyGzwZUWSQ3aOFTtHO29cHu/cg28pBMyyyIWm6tq93TqRhRu5rymQtks4dq6ms5Zhpy6pRKCyz7iDPUInDfVmcrZbkIw5aPVj2IHzINkz73hB7TvUIiZZw0dFi8U+eUWfUvuLtqS774h3L7bHAD8Qo4gHi9WzPmyG3jSVOrdujLr8jJ1wTuC9cUIx7mGcaGeB4sd2Sk2DJ4ZfiE9Nr4vjYDYd8MeXuDhMsIY78QckN9pS38IPA+70i+Z49uPvEe70mPwPH//xAApEAEAAgICAgEDBAMBAQAAAAABABEhMUFRYXGBkaGxEDDB0SDh8PFA/9oACAEBAAE/EBAA8CC/pT/XoDo+kEbCHhAtgCJjUOf0C8wCJHL4npKlSpUqJmAJUqVK/SpUqJ+JUZRKmVCVEqVKjqHL7lX1gYPpNPiVeYYLgUal1KQARwSyw4IYMRYLJpnOESUQf5Vn/E/yJcyzHUI/LKH+DBa3BmVNpYQqCEEIJmlKj6gxjdxMTmCH6n7TB3/gtTcqJUJn8kG7/wAWJknB+qq4nyo0IqhMpU1gxwmc0huafpzDX7lQ/RaMw0Y7QdfM4EOff6VNJtAr/BcS4zp5mky+kGWH9BKwIsf0FSMBuGiaQ3B/+ITQhcBK1UHgmqDbr9XB8f4piBUTEqYR/wBRcyj0Q04ljKCV+jubfX6MqXL6h++qFeItOjYOYZQ5lJgi1Athr/F/Vjq5lFyygATJlR+qqDb4lS/0dXGBf/wM9VDMxTd8QjA4lELZUVgzb6Qf51+ptjg+JujFVNP0dfo0/W4upt8TX99h0CtNdQAUzKVGJWF5I/pQ/aZwmtTb9Kz/AIILQHbDUIFL1+joixEMaiv980EwRwNukqNXUa4JLPmaPUN/tMwGb54i50y8S4v6FxMlJHOQAdYD7cwbWNLssDRwlNU8Hghy9UKg6s5Qv6epViNuzzT/ABPtl5r/AOAQCrQQK/oxwT3Lle4FYxc0ZdeYp0eJoftrMBGK78TIi1LVFzn9LkYymFtCUB5zmDYUo7Jaz8ym3RWl14+8CARVBuucD9IWlipyAFPnzAKiPJBzLm4P6XL/AGmutxAbWKC229EFoqyWpcDuEMAXZ/bY6YxfwStv0VEmkBUgBbMghC7KWz5T/wAlsUBDyN259WxUM5PZTP5mR2Xnlvde9R90Mq+qfj6xRXTfQc2/T6xAMJZNMsixLJcHG5uH+R1gLzLXlqMzehM8KpqUZLq4RNZmyxj9x5SJT8xYjnNIzTL5c7wvNUfmLqE2ApNfzX2e4+A1y5B/o+sKNsKtKOvV2gDGbqHj7U+vcCmUB/R75fUYGBUDY3EiEqhzmIe8zGRdQuFwYN/5GjUC2XOdA5epTyCEcaHW5c6DG/0FQjbKr9tji5jz6jTgjVM4cRUwbApTVo2Ph1KBctFsuM33xXuawgBd4Hnx/BKSNEWwF6v3iOJExWi7qvMEHjBfHpfzKULJeB679fmDXcHDsuMUYMfgzxgQr3OoS/8AkW5NAuMMvJuEIMDUGPGpomOkCaT8uZU/H7bDn4mBfifzjYxzaJiVmbzSl8ax1lz4jN6gZYWKeaznqZ1AoOUEoPXbOUiIGKhXtDXliz3VDSmjz5itBHkvH15lfyN8vr8cyqIq1WTzXETfXI819oIA4SyGJiy6swLqB/iXxAuZZkwC9EMkKkFhV3dSqDVRHF7+0KUlyxMlwUAcft3BdTEjvEGXcTEeZslQAvAi7C17AZNQPBVnwV9ePERsioOL/v4mvWhIGjl9/wBSkQFSlCKN52tfeL2xk5BwD+ZTKkEt3TQdxTFtI0f3KwA4L2/6gWKFq6iykdMVh/iwdDLPSAvxBYKRuaq2WN1cz3KQM6RmWY/yh+06i595nEx1FbcOUoKJm3Boh0hkKYNkQdXQxDiu1BQLlCBQomkWJ8QAlBT5TdH0ls4i1q3L7ZlFbtA2UOK9xowsE+p37ZQsVyPBBR6yeuoAG0TdwBuCnx/gpVAth4sEMyxOpVljolxVQwYlAObmSY6zN0+kYXi4dJmv29Zz8Q18TWMAQY+ZkQwhjKoFbi3VEeMTbT03Bhq0AIkyz4mdyViCjQCURsAYOC7/AKhhUtCeQe/iXMUcDR/4iRWgsNuN11MCMYPLKTMND3LKQwUfobaAj9BG8wOhJGmljogAumObzRE3A5gSWAhgLQb7mktT7T9piI5/Tn0EtT3Ko5RgQozFEwhhbFR/MGMeYRhBmvctRK1zyYiOA05lnIrmMaE5laTOfQXhTOoXzFJvPUdF0EpbInw022til6RfFxqFbNy2pXOiIKq+4zhh6YlTLKj9YwzK7giCpbWvqV2hH6zJEqEQAucygwPKDqNHbCTJIKB4/aZfIl0KZUvJHn8Sx7+sWJWy/mUQIGY2ALClVVuuI41QRwvDzLUU2uHjLHqHHiVXchjzKffTMy4eAtvJnibIl7qf/E3pjJUcRTf1gEgFbxfcutyQDLTdy4H4iiyhLhRCCQocEQCL7I1sq4qNjqeZTLg1mWVsHmXQbPMXLbAJv+I7D+0sNxKZgzBcUNNbhVcQeUW8RWkpOb0ObYgBmKUB4z5dxKYHSulBwfm7jhShwP5gFRIJaF9w0gNs16IdtwaG0seEIYg8n3iGAlJRZ6liXT5RA3yGr8wLUFLleIKXefUEq09HEdoXdJ8oJs4gjLyIygFs5IshS0Teidxpo04xxHO0lpo2/eW9IJpFmI6IFAfsscG4LJpJxKC7EsJ5viL5hle4Vo2g5vjEQ1YThHOO5gcUSKamQ8LzuLvYEs9sBmpXFykhLM0+ZbbBfEJ9iXromUHK3GMKh4/qKhO+BISHGgW4YLlVLTApA8BwPuE3TAjFtSNjk9GJhLcKfzDQVMkDQjbUaIETXcGi/IhFZRqFQAHJK9c/tCdGd/tKLc1Mv0C3wS1nj9DZhkZgXjGY3dgagdPmOHFWqsdU3H7yAY784hKsiM0SjkvcSRXttEJZyQ8APlKQvhVN4rEsxygG+eUE4LwGvmYIZpC2WoA7C7hUA9so+FqNaNi1Z9TQqxS+j/yH6Q8nVPJACLZYr9nmIrTjsQWqR8vc26m+mWQVnrccdkpa7i5wOGVfBMTB4f297uLnEXE3KKplSnDDDiIvuUJXczb5iWX+VC6hpF/8YiuAC2g/fuEYssTbcSwl3RHY9pTuMkLUvJCbxVm4LxVFKzfuJJUa35lePniV5xW0tZj1ljIX0MyLbKsnzcOSYWgErzkiVTdAR8ucxYHO1d+SoSVEY7enkiWACjdS7QTSldTc1Q4mEw5UjNK7NRlrWVm5aYq3D6AKDFoytJJQ/YVRXGh5l5l1FcsrzUyZ6So3zLP1jb8zK8Dzq75hYEslY2z98ShjkFeGEuZEsh9EtiXCDBH+GDNxFdq1AN9TX5hGjd7jrxQQDoKwRasAwzt8vMUrkdoX9CV5UbOXvcDwq5TX9mKo5TIB80w15jmA/O6ilwKXZ8JYQJNBgBH1UuVfDB89wHROip9xoQqG2cwNcL6w0EXuChMADizUXYRXqoiys57YLo2i2o94nYn+eH6i8y9+YLSFrcxbf0Zje4lR8x39Y/JW5DcKqgbI2TxDADNKePcE4xl89ksDpcJFiDmMKU4+pLFiAV48fUYsKFQwGuviHdLp94wcGAn/AD4gDDmmj0EGK3suvnmKnKVo/TcHqHwHKHL5gkUYUp8dRoFRlcvdhcZCwafWdxyalFQfDAs67YcnQlxKyEogBujMBAo2FIdX4ipgTZmZUgK/3Fsw0peZhGmJHvqNC1oLsJdNq0AsuLmWpvsgAY8jLlwAqAOWLro4LMVho1Zq4J2NWKPrADByMGY/VLNyweog4nlm+oVrGWUgHmfkmsFCJKTwhFLOHsi7WBpaBqrxXPUTm1bE2QEh7zZSsTKiu7cN3HVXeItwLQQDyc8AgKCW209cHiKwDu7APmbQ3wfVzEx6BXXbUFEgYdPxqZUxtxH5Y1FbluUv2v8AEYrCJgL+ZS804ZamukIxQ1E84/MSg7lWRM0PNX9KhzcHAOr4PDD1YgsdeyUxhgEXJOMpyl1XBV6Ju8hgbq5SPhdJmBSnIhKwuGFZHDu6FIwVRFjL5PRD9SxaHt5iFkuifaPTFqu4xGluhvERi3OlOzzLOFqyJcox2TslgdQWkFW4cnubPmVN6zBM55jHca0Y9dLNcWMQV5FNe4YIyA2kvPHWfP8A7KwtOx95sDlTVQtqkeLPZ8DR73CtflX5g49OxX4l4RY7LlmRsLwysqgJ5/4S1pbbTj3CEGABS+JQKpaVsPQwygK6NzryRaWNUK0vg/iaKXG/ufdUbCkiVOGRs1xqXCwVtH5slc1GZCKyluL7lARo4N4z9oW7DNWNf+gQVZKx34jW+A4XUQqDFzFFVy/qLLRsDA9vmZoLSv0RE3yl8zdCWquVGQIXLOkpJRLfU+hjhVt/oYmft+hsjknDLvcMOY1rPM4L53LbM7lrbNwyKNoRqzu4cvTvdQYUDjoHzDJYF0vEzzVCAxVAUu2AqzWloDtmhF3S0RRztv8A7KYDcu1/FsQrCbyZ/wBRbbm3kh3TxKURNcA9/wBQYAF0OPl2y1hVw/8AFzHrlWNp/MOWZ3FfKXjXcsB64w2Cns1UD4QCummhcAM282zNKI/7jT6t9St4ILg8685CE0U3X8CKL5Yv7JggqJf0b+pim6BhXk18kF2wMb9oAq3ETEQ8IbcZ5Q5N9jL4TOnjwRylOI1pZJeOLFpNSgjYPhiByB9YukhxYagyqWJM2uf0KpyXCte4K2qLgoA+f5jWGnHiWdiOSxemGWq4XEo1o4l4K2QhGZ7mkBfT8TAtNazxHYxuKCYRYsSD7RUr3ikPkqZWdf8AQMq2yGbSeIzCVkp+gZS9JKmPXUE8ToWi6BgtWgCDYooAuWE0YFTuGFUxw2RB4a5s9xq4I7jvJ13rHuc+5EPmIKLXVwtW0epkILYG0tM7gkp6DxDEChDR4RdjNMGSwJYuqpH1ipSgdYRQCvh+kdErD4o5i9TrBkVzBDglEEUXCtrRmKUB7Uy0zILmF3qKuGYjNRowYjuXJfcxkv67hF1W5dGl6GNdS6RlCNXuJTNH6sI1l/MVb6NM0NSHDqEaA7IAKg8uCjkdlfWF/TIC+YHuNhEkWgRdmYiSybBWwijgr7vEBqVhTK6KUVRc3Q3GsZDg5Y6RT0X8KCgYoHBBhErqCFtZj3o1LyFuo/OhBFwtacZ/3F2TDuAKfF/aOWMo6DSv3jORWgxpS/OaiWMot/WOkWB1K6I1jCNNxCDbUeWJQshY22X8tw1VWDEVqMDNOpeJlbuCiO5WnuGB7lbgTzqX8cszqcQ34/5WXdK9sKlKqU0wsrNWQrWUTZSo9o84IO6q8znosawfzHaOuUJ94FRuMH+0PtB2B+2ZcB6Rf3qNCVVYTUuMizf0glW9hDhdpxTGbEtysEAvFCyye0Ru1cpe3dS6g13NLJi1jEBq45hnVYc4x2tMvjaeo4A2YcqfSHwtVjR1LqqFHjCfSCRtv7yQT1lr9AYbIDJj8xkmjqPLGhkr7GCwqNrQaqZE1wUVFTDT3GZSPcmZYGCRXVDiL3vgOB0SovYuZCMOxRKleyXRZrNx8EXsHJBKwW9oggE5tz9IG/lDNSvQpK1iLnmuNK9XxGMJtB9MTFMCqTrioAArAbfERdHgm1kU6xvzAcXBJ1J6g9A3JlAiDAvD5i3mBI1gg29dSxakGeRB58z6nlKID2vmFfYwwhePBo9RhkYhzb34lxOEnB4jxRZnp49RsaOFMPpm2l8xyZnhj6ypdIh9VYEMfmteDxMJhrUqnHMHiGE+kOCGo5Zl/JjzDcxL+fUXM1eo6D0ii48nZLYVbYf7lK2sNFcxG1TUCsUV+JWhruuIIc4vDFRwUUujdyj4DQL+8zgGDGfUbboNNr5S8GBtWJ/MUcfpa1CkDnVXHSwi74+0bJI1iaEbB5M/CwiYM8U8N598wS2gFrCr4UX1EK1sLO4uJByPccZtDmKEsDzEgA2X4eb3omU8hpHC+Vm/JqVC3VB2cMwg9kDh8StFrhm637l9ZNHUbuAkFwsNrai19JXFTpEPAXRFcad7hyQU9S7JY/M16l5jluIuUtidRe5THNwyDoywVTiCWFELwi4i4+8uKA99xCmwlwjhbQwcpOBhjTYKyxBZcTDT1mK6WCqB8xVAOhmoLaUbcEcbi7bfMVlEdbH9y2aM2nPhmmLw2GvmXYpKjFdJ1KPeGDjVDZ7fmpcY5pY3aK+RHu9xIS2GD96D6RHjKkfxGxLYgIetzLhIoN65+ZSMrEVMuN7MFAQag9IvW2j7xbEu7Wvk/P1ie7avvPfEKGS3C2+pZUcmUMu/KLUcJumz0xzLGVcFwRwbjuPquVY7RyxoTuewqWTXUSI3ncAsFITO/wDEG5irPEago4S0ocFoLUWnRgHq7UxLWUaLaWAA0Np8zLk4Sn1G3Jyv4/1FVTUa1jn/AHES41ux/ZBYxrD/AL9Q3vBZe1viLsIeHQ/MMXxTgX45h9Dsgz4xzLthKWjflKv5gCELzXCJtSH4Pv5lBwQENCrquV6jF4BumjY69nXMzMul9E6b60/UjOQUvyhMdI5gA0qpS/cOmAeFL+0rHgeBBGgYsxck2gJbxFwgHEEAS45JVEpeYChS2yqtmeICT5jCXOI4MhEr5cXLrVJFTy3ZE6KJ4MQAyvnDfUSEL4MYrFrAUP1hGGXhC4rnRJAfcbMj7mQCxhKb8MujC4wYexig2jh6t/j1EAzbFmRjwyjaiu6TMcxHX3oOFfiYH2U0oMtv8ErldpNeD+hmpWaNE4eFv4r6yyUFu2L2/B94DmNtkdNd1dSqgBbjSmADl58Am1WWHA1TSp5l6Dkrhem70jVgd3j+jNcVNKIodzxTwb85JkyywRwvR+Y6olEAzAonJM4xLcTAruczhNJdMGflEiFxtTlbQlmVAWdzEnRiByajo2h9Yomx95gHniALv2JUNqPce8DWRhQSi1TMS7oMoWmUkk041EaRxjB8TMLZytELAaFu34m3fQU/WXuksg+S4ZUBh5L6Tl8wQADThK99kyQBaUxesjHxmN5tysrMZ0+TbuERbkFZGae21dYi1A4GitqsAH6nVRsaREAbLdYtDyeCWKwA7MmFZwUAzB2CCVtyPOMr2+IEYa4wvSpdNKUcFtzFGBSbCqu26OrPiUJGwHHGAD5VETBsXK0UWu63CgauMpL5rq2PbAJCW3XXf5IRGtB5WkPGPvB5HhDhlZlaitFbIrcymyuJcG2aQwTVTJuGi6tj8hBdVzHVl2vK3AFyA4YrBeL/AJIa8vFTX4QLl+IqhTYsV+I/0W0UxgWQ3zAPmtEB1U4RqWo3Bqx3tdfEMc5bzFVwtjAQk3CYvT8kYnFIUPngZvAGNs/OJWoIWS0c7xKUFgiVttbqFSnIXdJ6NwsQg4Ms2nXvgj2yijAlq+cZXiV5zNEFnPp5VlVQE1hDKdK88GpQIwUuGix0tZWC3EbZug0AMngHu97YZveKWwwYfmo6ipMuVrwIovzT3AhmZWoLRgEp7ftCbJiFCPKq7sfGJQiAluEF4eKa/ExqxizgLyfWCU0kgETyagmBFWEWpeupcS5d2TKMGi21hXGouG4qOUBkSnETcIss8Ry7DdqPV4ZdkrOie4Ya0NmyCcRoKgY91Zbf3jDMJlGapsoIqrTWCMRLlVhuo4Lcu6fEbE0KrGXsUAaG68TgIAFVQnziVwZyuCvevpDQWq3ofLUMrVUCUctH5ijWaAui80RngUwKjsnHOX4jMYWirhV6mFKqCXVp6q01tqgjAJMi3YBlb2axXcAI+ABmnBYUYErLcK8OOjgTimg+X2qRcBilJRffGM4o3HZqbrIOM2GOMX3UI0BEVewtQBjmWVsGde62Uaurs+0VBcyig+TzZprj3GUxSBSrUJoq8/fUtR1Q6tu+49VlY1CnE1FnEsx5nCBKqVFzAZsBc+ZehagHgjWspazh4MSwIaPMtp/wAhWs4zT5uT3NYh8f0ZjdYcx7lchVS2R4z/YwTBTXKAjOHEFgK5pUzwodtTkC81c4UCgT6NZiMCGykV4iBbIsqlPRUEzwy3D0X/EAFzQNz2hLlWVd3Nf8olIOzWLK1Qn5e2VuimDoOPB7fEL10qferaMc0cxjSpeYGsp1hjummSBaW9hYbVXLa+y8RJY0KWiXlHHBX09EiaQMrh8jbVd+Y2yyMJVXRgAtcrRWG5jZ1aBZi7MXh7lEFrL2aaUBdFZ4u7gNB2s0Lgm8N8fNVAJGOILA+8OT33K5MtDwclb5vz7h3YMGrVdhuv6gGQ3iObnJgq4oEHqXH5RW9wtTlhlQU+8ZulczIDDKu4xCI2alIldLxAe14p3BaddWz56lygcOB8jLQXbGvtkhgA8J9JlCzRpLqcbRgDxunNRZdxyhBXPQa+0bwOMC1HugGXFwLImjSfDEmDzMOvKcNQnUQFvYrP8AUEFqi2A8EAWItrVlbw5b5cERLS86rJcv3V+8YRlQtE3SdLQHXuZpg0WQKB9rD0aZ7OjNArgt2tatNERwAtlQ7N8KteLrcryyRllxTdqcGi+CEQx3Qmt0FxhWst8UkCTaOFUC1YYwXmVqqcE0Tzu7Ofiomdl1sqiiJVXx7xEuHUFyBe0s9adu5z69BBC3/PcdKGyxLbAfo76IqA1B2IFxKg4eosc7hDhLUx+i0HbKIJBO4pVsqw0BcuF51BLYSrX+WND14uNYABhriOhvsRgt2hD/ABC0DxZgcPWPLcXMBMDNU7UHUPDLCBaGUQf5JV5D6bGJVhwG3hiFIZ29R8jD5iljRPhmVQYADA9h/MMAEvAKcOcfMR3WKnyW+V/7UzESoasaOU5VmlDUBd2KZ0pyYHsIds5UVkxbjKFbckdKkgaAY9Ax20dzp25PUG8oWgwFt1U1OIDt7asCjCcQwaRGs55SjoLq/UCarwcl0pgxeM4eMwMpgBSy6xi7rQ/NbhgaPZGhKANU4AHhlVfcwsrYq4CxEyJnFptfmZUbFPgn44jFCsXtvHHgK9LuW9V4Bli056/SrmNyrWalSzEwtLEp8wFacS0t4l2Yhg2SlbEqoSAtVExxX+JpYvBHXWYzc2HNqm/p4gRJfxMguESKi+SIOriGXdTSuIeIpPInhYnfRvReHzHhscCL0dErXHCxfrefpL326Z8spRQYAsTyu/pKKmVRUngrL6IqK2oU4O98sf8AEbApU4BYDzRx3mpakgLmRdPLut8rRRCJ0A1XXCuXlXOW2rZWllq6hbDzWHbTR2wsS0LCGKFqAYNU83d9hQNiKaAKXyvxKm8BElEU20A4efBWYe/oaCw5cOa23BimgqUUIlmRyMmswZg5VRmHdCwU9PVRVADd5LpeirP9SouRWVA4OM4tye8R9ZNpyGw4Cq9WRptF0p/E7Q/MsxxLlLywbALtgaH1FS6uNynMrC+YSuFRIWaG0JiR7hCNOMQBahycQkCmltKwHXhjHgPvcKPRjlm+C93EwWBGC2CoooBwf3DsGa2fSFjLNIC0q2lg0ZffUBarsgL6CoKhotMBd5vLGYemLs363HpXGnkeDh7i20LaU5zx5YtDVFQtlFMYrR5WFrMuwNpnPDR3EQiw0KsfLgL55zWpe0KEv2FqeM1ejEIgENRvTaSr/YikSFzMGhoPgsugII54UK57w1zFDkSl5g4YxfBSjzDeMdIVt3tpxfOJuKQPoLIouzfWzEdbbGJmPeh5xCv0kACoFGJ7XAOPz9o2bfz40JTuJ7vETEX8RXdy4rLATF9RBJqXZVUqus8y/FQD7SmqI10PmBTCPhgRnNeokyXylE96RC4VxgsL0o7AmlBlSx81QM8R5alGsXFmUSgAwVz5WYpUx0+swaVyat+YItCzxfaQ3PZthPBiUNmkAGvj7SvTrGmjni5d80lVhXDdEW6JPLjrFL+sUoRAe0DAUvQVyxotQcjoPl4rXeXbiK8AWxunALreVXb3NBUpNnF3vaVhDjbuFbK2RL2ANPHDVRBBZerJlZarwbo3LxGrqj4LMhzzVtVE+AZSzi6K+artTiLk0jSpWBEV3mslxmWzcoPPglb+KhM2nQyNVYmtVL0lZwWYtmMi04OSKLcKItKcvxrxF7DtF4Lh4cnzzjEjuKiUW5R/xNA8z3UTDL1POpWWYSIwOIhGvlBGkuCZU9znHDcLDvnAC49xmWBmZ7dyoBoxR/LMaS+Y7bH2hYAGVXiqxbhUBR0GbgJeYIIRpijCC3137jpYDmG68NQlFOzmQe1wTJo0MHl36uXKhgAW6Q5+YKl+RAX3WSo6Tgor7DuGNoKor6PGODULDOBAkPltP+zNYYoMLmqTOHoOYTKlq4DmlWzvivDENBcHAsobbN8leBhWAyjyO7MLZ0FY5jEXTQTY2hwQyWjrcMKVMyhcgq3eeQfmWq1oJn63ec38RucNm3/UtBS88fj7wiocUYZlAUXYLGGpWLYHb2cJyLBNHX0DXxB+KgRYg6SKrMjZm2Idb3NzZUxB3xKbeYZj6TBFt3L8XBqwuUDWadSvKp3KKC/BKMC/PMtrBncDgPMqRvkhjuL50dTClUrgXVKmVFQqKCfBMVRsUA+C7YoYEVcb91iomhUKJ1GoX8dSPoXb8RVtRdsA3yPHuJApk+wVj8RoTnhD6N/mWIVxFB8jXxVw/wAAtJVeuoRbEUMs5cLXLv3Cn61goFQppY23AzHWot6wAa0Vp9QcmsFZRsp97UxAF7RVcw0DTfjfOYdWGMh1dLq+aPrL52TZyQaaAb+ExIKUOkd/nU1pVFFWg0b85Crts4uAVVmDb/uz/iNgpNgTGLeeo7kJVNiKcWFPFPMaWeZd4ubQbli44GNimEE2hqVNveIbBXMQtHIQ1Bcd1iIbKEAKgPrElUkaQRDMUME+Je5bTHcqmhupkfuAbIs1LS4RU4iMBfyw6jaMAF+uY5jxmBT3/UtIaaCmt1i+oZ1yJUjSNvjxmDwVkM35z1nA+YGnzFyPINk+xLYDuMrDpv6wrGaYvZfGoOwKEAOSMr5yddyueKYKN0Wq1933Us0WLNnGBAPWLHiLNayBBpopTdoWwbzYthTAmFVpWd3QgIkAq0GxRSo5vi5Zywi1E029HgO3i2cC0RwvJ94yebf0jdt5/fGURwBarO8esfLM2U0DguA/7qX0K3NgruC1cqXgzWjgjyhjjMvOIqO/vEOr5gaL8sDE7yxqgZCZQZJ4iLljMCK0zOcMfEz3HDh2ivY+8AIZdwGqvUUp4lEm+Ui7YTZNIxolQs8EpWzCgUcVU7MsBW/tVuSOSsy8JYAcjHtWO6EPTp0QHvY0E66v7yw5pYuXSr6w7AL5Iea7vrRHYIFBC7yFf9UsaXVAdehRz/uZT1eiJwAHI1vvEVCjAomRNu3RtvIuBu0bY2KLaotWj3UBn9liDgp5HwrVpEBqNaULoiqZNOb2RWaFqU9pctXVe1q8vsRN8TdPoX9IhsjsQm1PH3PvCSIVK4fPllxF2PWYBhffm5+DMIrQQlNBg8i/hEL8alhbuChjR3lj2qVVy2z1UGMLhqm3UqGlyoAtYh51KRfcqFZisiOuZTbrcNBOJ8TMoK6YiclPEyxJFsNMqFUHENN0oi2LMNg77i5A5UfYjJW9piZIFF1HEPNVud63Fl0c/PmKYGRRxnFc8b7gIGF1Rk0tW+unELWO5yMdKU/LzLpRFELmiID+Y4U3b7fkDPoOskcYhvLzUqQlW6CheJXNMMDlVdgKLshwRsQhVMLQ7A4rlwvMNUAWpEF7wCxyFWxhGCAUQos42c10VNiqMnIAxjd1xkOplqUpyF7e3F41AY5mlx3H9YFY28gZXo7gkgjfwFjHYLXTUpQFViupc47g0quouMyhrxFzsjqrsdzE5q47ybrNx3oCZEUe4DPBxFUBUMQxEodQUxlhIrDNRUshbCDpliDfZFhN8QOyX4mioOiMjSrxDomnEdjo+ZyRUwYHkQDAhgyLxBROVZN9xALexm/MW4FBW2EybGqqAMV4EPipkPExGisWToWg27y+I6qMIrmsKWg3a1ZrQ2CIYKRVilU5TRtqxwKMEBWyrizoxttrN0jSe4dvUXaqFDbWio4KwAsHI9baBwBrEzYfpGHJmrUX0bqFDa6i260Xj3bbxfMCsFCVVqh6q8/Sox0bVk1EPBhCjUEY5atVGG1Px/cKdnCKaicjW9xrNZNU2P8A31l+Ee4ttIGV6jkzHJx9olJTlqLGVgxWo2LEhzCm8wKU6EJNhmJUO4l3lrERoQIq/iEcFypDq2M9wfeNSuIcfRwFyjwznbeBhFVl1OhAlVUpVyP5ozSxn0F1lrMCxWStRrV2Cc9vL9oKM0faH7tiyLoH6tRWJ6KRRS/NWxDWJp0sSvA5W/ARmghqvQxlPLHZKYHzAZJdUUYxgzeXFRM5zwgvnG6PvNFyQFpaW88yylrCNDOnmoReiJljj3n6HETpKBlWqb44/ECWgtcL/jH4lIrI2e495mzLyymalA+p+BElpxLEobMUrqGUNeoasNEQWN3qoIfoI3gsUQXZFC0uFdeFSxhFM7hkmYgRp4i5WeoLShgrCXC3GzqEpYGD0yyqmeJyVAbgUXIixwZw8yxNAs1HhKB419Y1LJDMIAFDdZPxLQFLzedJcqjYa0pF2fkecQAgOzSsUo51iLZrSiwrk8jUJTVZyNKenKR+kAV5pdluzX18SmZmqzRW3d4+kMUJgH9PITR6lkNkMXCmqIu+6iyviPPqPPx9I2v1PYaiIgSYtiIFGzDTW3uXjF4ipDBOs8TMIUiWqx1BZDvcIycS5ytikqzTVfonHymUYbiNDh75hARYxnUM/Fddy0CvgaiV2xCVmM3HmUJiGpWP2guzwVMvRFw+poXa3GrxP/feF7eJcXFKfFv9xCig5BSZYFUdVkjQA3i9q/mU2Cbx3CmhD6i7eBmT2mrLWdHHqVSlcRZfUv5VBFeorqavUFRmZSO0oYuN8MalcQiiooNrAMVmEUZvuGjswQxFYuyBb3iA3a7hYlV4iMta6Zj4RaIyynsEvd5mc2jmAQLuqXEPEICGr99LCgX0SqfG4BV38w2M4jAUbOYwTEL27jnfcoRfrL0srfa4Zp8y2DzDR8z+USDwOuJR28Rh1qNAOyBY5xB1GoHEzZZzABGEW4TmLLoRgWRTUAU1bEJUSmfiBaKTiGKKYB09Iso3aE5BTmUUZ4Ri2C31Ba195XQG+kCEi2OD+DBEw7pg+PMYSGFxvATKHkOY7hvc5Vyhd15iDgzjx4hTSzXI+mKkKdQga4NpUWaihbYsKPlMJ3cu6t5gwPmBv2gwe6mI7uKiumLD7ltkdEuX3URoOoiz1CAXaTYzCA3li8Qg1v6JQWJkv5lU3uoi1cMqwLqDJsIqqGzmHSl0sWqrA5mFnGGMjxiu1HNwGSHk5Y1+1C2VQ9pqBKoc7Zi9doWfmDwjnAr7XURKPAaefMKUWsQw+oNVsAgoi2RJWJdGU1XhgRV+T+SK5d1k8kytaWXRAI1ad7l1DRBk8RU57i6vuMw+bhYA73GxiVoqCgxzOO8zj2gDCEbfEKPxMPGItoygIURdWzOB3AA8zWP4l96VhFYXUrRbcqub8wxnV3HduFvMqowC3yxEFKE5lqJQbAJgg11YsBxMR1sBVj4j7ADAretVfeYIu0ZX+0xKWt8MAEFUlalqmNXqHw2MRFLogiVQBWntf4hTYVCVjVd+Je16yg+7AaBdoItDcSlfVmxbKwsTcHzCEDKR0E4xu5iVHE5IuHqpeX1FX0lVVolqJ3LYDMVs6ucDuXyMxGILv9IFxVeEM7ZgUewv3ALQeZToa7g223UeAjMZGnERWxzrxAycINiQYBTocr9uIWyyy/R8RxiI7E3pGf5lwAtwO5ZRFVKYbeIUkmodAWqjFvuGlVdDDfcJ0jQEUC0gUDK09xXXcvA8MNwHEMaFYnAgagwHmBi/MRT3cFW0WlLb+Jr9Tp3UagMKC8yk9xbWtEu8MyBi2NBYX7ygUpcxwtaQ3ow4lArBmKYYOot6xjUDoJe5SjIPMCL0nHBLlAbRuKaT28sYKnLcErG7ZN/EeCNksN2E8MLEFRd3BLzdMBavEFXYdyyASCLTWZSpKBKg7mcfcK13Uu6Oaj0buoGAdQ/ZDgmgXzMEvbNyst6lhwsj3rEyLHYXC6mUcazBAlhnQlQGL1f8wCfrX9QjbWElDlfDBTeBU/qbCLXYwVUtfMSNMBtxBpBU6ZkiNIVLRN1BvavAEqLPheJuQFCLyCqvlhQHt81dEKKK4hWUBFqbJSLx4qNUDUJzsQVKWQEACNgRPO4/UFVBrG+pgKeJp7q4O7eodvENb3Uy+kFVfU0ncNPc7NXFG4sU1LbfUrFa1L6fELA3CocZ1Mt4q4KpzHfCVRRAGtu05BsYe5gKbbS4QFcOJci1QLB5IARs3M/Ooa7V4lVABfESDgUy1abloUzo2xquwvBqYESYMIIhrW1ZC4AeBUuqKBnEbitk3IRUUrUXxKB2g2GGIAGGUV4jwviPPogtzqpynj9B+EWh6l4m77i0PxE5OIc1wRrYjzGTeYkzG/0A4cRQz//Z\" data-filename=\"16180bbf87720424e2405cf3ec5eeff2.jpg\"><br></p>', 0, '2020-05-25 14:19:27'),
(5, 23, 15, 6, NULL, 'Testing', 'This post is for testing												', 0, '2020-05-25 14:23:36'),
(6, 26, 16, 7, 1, 'asb', '												asbsa', 1, '2020-06-08 20:09:33');

-- --------------------------------------------------------

--
-- Table structure for table `post_comments`
--

CREATE TABLE `post_comments` (
  `id` int(11) NOT NULL,
  `user_id` int(11) NOT NULL,
  `post_id` int(11) NOT NULL,
  `comment` mediumtext NOT NULL
) ENGINE=InnoDB DEFAULT CHARSET=utf8mb4;

--
-- Dumping data for table `post_comments`
--

INSERT INTO `post_comments` (`id`, `user_id`, `post_id`, `comment`) VALUES
(1, 133, 6, 'Hello This is my first comment');

-- --------------------------------------------------------

--
-- Table structure for table `post_views`
--

CREATE TABLE `post_views` (
  `id` int(11) NOT NULL,
  `post_id` int(11) NOT NULL,
  `user_id` int(11) NOT NULL
) ENGINE=InnoDB DEFAULT CHARSET=utf8mb4;

--
-- Dumping data for table `post_views`
--

INSERT INTO `post_views` (`id`, `post_id`, `user_id`) VALUES
(2, 6, 133);

-- --------------------------------------------------------

--
-- Table structure for table `sadmin`
--

CREATE TABLE `sadmin` (
  `sid` int(10) NOT NULL,
  `name` text NOT NULL,
  `username` varchar(10) NOT NULL,
  `email` varchar(50) NOT NULL,
  `password` varchar(20) NOT NULL,
  `created` timestamp NOT NULL DEFAULT current_timestamp() ON UPDATE current_timestamp()
) ENGINE=InnoDB DEFAULT CHARSET=utf8mb4;

--
-- Dumping data for table `sadmin`
--

INSERT INTO `sadmin` (`sid`, `name`, `username`, `email`, `password`, `created`) VALUES
(1, 'yash', 'yash', 'yash@mail.com', 'yash', '2020-04-15 12:11:08'),
(2, 'raj', 'raj', 'raj@mail.com', 'raj', '2020-04-15 12:19:44');

-- --------------------------------------------------------

--
-- Table structure for table `users`
--

CREATE TABLE `users` (
  `uid` int(100) NOT NULL,
  `aid` int(100) NOT NULL,
  `enrollment_no` bigint(20) NOT NULL,
  `name` text NOT NULL,
  `password` varchar(20) NOT NULL,
  `email` varchar(50) NOT NULL,
  `phonenumber` bigint(20) DEFAULT NULL,
  `department` int(255) NOT NULL,
  `class` int(50) NOT NULL,
  `profile` mediumtext NOT NULL,
  `created` timestamp NOT NULL DEFAULT current_timestamp() ON UPDATE current_timestamp(),
  `updated` timestamp NOT NULL DEFAULT current_timestamp()
) ENGINE=InnoDB DEFAULT CHARSET=utf8mb4;

--
-- Dumping data for table `users`
--

INSERT INTO `users` (`uid`, `aid`, `enrollment_no`, `name`, `password`, `email`, `phonenumber`, `department`, `class`, `profile`, `created`, `updated`) VALUES
(1, 9, 0, 'Ravikant', 'Ravikant', 'Ravikant@mail.com', 7894561230, 1, 1, '', '2020-04-18 06:23:30', '2020-04-18 06:19:15'),
(133, 26, 123, 'Ronak', '123456', 'ronak@mail.com', 123456, 16, 7, '', '2020-05-26 14:02:50', '2020-05-26 14:02:50'),
(134, 26, 124, 'Ravi', '123', 'ravi@mail.com', 123, 16, 7, '', '2020-05-26 14:02:50', '2020-05-26 14:02:50'),
(135, 26, 125, 'Yash', '123', 'yash@mail.com', 123, 16, 7, '', '2020-05-26 14:02:50', '2020-05-26 14:02:50');

-- --------------------------------------------------------

--
-- Table structure for table `user_type`
--

CREATE TABLE `user_type` (
  `utid` int(10) NOT NULL,
  `name` text NOT NULL
) ENGINE=InnoDB DEFAULT CHARSET=utf8mb4;

--
-- Dumping data for table `user_type`
--

INSERT INTO `user_type` (`utid`, `name`) VALUES
(1, 'super admin'),
(2, 'admin'),
(3, 'department head'),
(4, 'user');

--
-- Indexes for dumped tables
--

--
-- Indexes for table `attachments`
--
ALTER TABLE `attachments`
  ADD PRIMARY KEY (`id`);

--
-- Indexes for table `blog`
--
ALTER TABLE `blog`
  ADD PRIMARY KEY (`id`);

--
-- Indexes for table `category`
--
ALTER TABLE `category`
  ADD PRIMARY KEY (`id`);

--
-- Indexes for table `class`
--
ALTER TABLE `class`
  ADD PRIMARY KEY (`id`),
  ADD KEY `did_class_fk` (`did`);

--
-- Indexes for table `comments`
--
ALTER TABLE `comments`
  ADD PRIMARY KEY (`id`);

--
-- Indexes for table `department`
--
ALTER TABLE `department`
  ADD PRIMARY KEY (`did`),
  ADD KEY `aid_department_fk` (`aid`);

--
-- Indexes for table `faculty`
--
ALTER TABLE `faculty`
  ADD PRIMARY KEY (`id`);

--
-- Indexes for table `institute`
--
ALTER TABLE `institute`
  ADD PRIMARY KEY (`aid`);

--
-- Indexes for table `notice`
--
ALTER TABLE `notice`
  ADD PRIMARY KEY (`nid`);

--
-- Indexes for table `post_comments`
--
ALTER TABLE `post_comments`
  ADD PRIMARY KEY (`id`);

--
-- Indexes for table `post_views`
--
ALTER TABLE `post_views`
  ADD PRIMARY KEY (`id`);

--
-- Indexes for table `sadmin`
--
ALTER TABLE `sadmin`
  ADD PRIMARY KEY (`sid`);

--
-- Indexes for table `users`
--
ALTER TABLE `users`
  ADD PRIMARY KEY (`uid`),
  ADD KEY `aid_users_fk` (`aid`),
  ADD KEY `did_users_fk` (`department`),
  ADD KEY `cid_users_fk` (`class`);

--
-- Indexes for table `user_type`
--
ALTER TABLE `user_type`
  ADD PRIMARY KEY (`utid`);

--
-- AUTO_INCREMENT for dumped tables
--

--
-- AUTO_INCREMENT for table `attachments`
--
ALTER TABLE `attachments`
  MODIFY `id` int(255) NOT NULL AUTO_INCREMENT;

--
-- AUTO_INCREMENT for table `blog`
--
ALTER TABLE `blog`
  MODIFY `id` int(255) NOT NULL AUTO_INCREMENT, AUTO_INCREMENT=2;

--
-- AUTO_INCREMENT for table `category`
--
ALTER TABLE `category`
  MODIFY `id` int(11) NOT NULL AUTO_INCREMENT, AUTO_INCREMENT=10;

--
-- AUTO_INCREMENT for table `class`
--
ALTER TABLE `class`
  MODIFY `id` int(255) NOT NULL AUTO_INCREMENT, AUTO_INCREMENT=10;

--
-- AUTO_INCREMENT for table `comments`
--
ALTER TABLE `comments`
  MODIFY `id` int(255) NOT NULL AUTO_INCREMENT;

--
-- AUTO_INCREMENT for table `department`
--
ALTER TABLE `department`
  MODIFY `did` int(255) NOT NULL AUTO_INCREMENT, AUTO_INCREMENT=18;

--
-- AUTO_INCREMENT for table `faculty`
--
ALTER TABLE `faculty`
  MODIFY `id` int(11) NOT NULL AUTO_INCREMENT, AUTO_INCREMENT=2;

--
-- AUTO_INCREMENT for table `institute`
--
ALTER TABLE `institute`
  MODIFY `aid` int(100) NOT NULL AUTO_INCREMENT, AUTO_INCREMENT=28;

--
-- AUTO_INCREMENT for table `notice`
--
ALTER TABLE `notice`
  MODIFY `nid` int(255) NOT NULL AUTO_INCREMENT, AUTO_INCREMENT=7;

--
-- AUTO_INCREMENT for table `post_comments`
--
ALTER TABLE `post_comments`
  MODIFY `id` int(11) NOT NULL AUTO_INCREMENT, AUTO_INCREMENT=2;

--
-- AUTO_INCREMENT for table `post_views`
--
ALTER TABLE `post_views`
  MODIFY `id` int(11) NOT NULL AUTO_INCREMENT, AUTO_INCREMENT=3;

--
-- AUTO_INCREMENT for table `sadmin`
--
ALTER TABLE `sadmin`
  MODIFY `sid` int(10) NOT NULL AUTO_INCREMENT, AUTO_INCREMENT=3;

--
-- AUTO_INCREMENT for table `users`
--
ALTER TABLE `users`
  MODIFY `uid` int(100) NOT NULL AUTO_INCREMENT, AUTO_INCREMENT=136;

--
-- Constraints for dumped tables
--

--
-- Constraints for table `class`
--
ALTER TABLE `class`
  ADD CONSTRAINT `did_class_fk` FOREIGN KEY (`did`) REFERENCES `department` (`did`);

--
-- Constraints for table `department`
--
ALTER TABLE `department`
  ADD CONSTRAINT `aid_department_fk` FOREIGN KEY (`aid`) REFERENCES `institute` (`aid`);

--
-- Constraints for table `users`
--
ALTER TABLE `users`
  ADD CONSTRAINT `aid_users_fk` FOREIGN KEY (`aid`) REFERENCES `institute` (`aid`),
  ADD CONSTRAINT `cid_users_fk` FOREIGN KEY (`class`) REFERENCES `class` (`id`),
  ADD CONSTRAINT `did_users_fk` FOREIGN KEY (`department`) REFERENCES `department` (`did`);
COMMIT;

/*!40101 SET CHARACTER_SET_CLIENT=@OLD_CHARACTER_SET_CLIENT */;
/*!40101 SET CHARACTER_SET_RESULTS=@OLD_CHARACTER_SET_RESULTS */;
/*!40101 SET COLLATION_CONNECTION=@OLD_COLLATION_CONNECTION */;
